{
    "0": {
        "map": 0.007352941176470588,
        "P_1": 0.0
    },
    "1": {
        "map": 0.0014814814814814814,
        "P_1": 0.0
    },
    "2": {
        "map": 0.003389830508474576,
        "P_1": 0.0
    },
    "3": {
        "map": 0.013157894736842105,
        "P_1": 0.0
    },
    "4": {
        "map": 0.0035971223021582736,
        "P_1": 0.0
    },
    "5": {
        "map": 0.14285714285714285,
        "P_1": 0.0
    },
    "6": {
        "map": 0.004219409282700422,
        "P_1": 0.0
    },
    "7": {
        "map": 0.0011148272017837235,
        "P_1": 0.0
    },
    "8": {
        "map": 0.011764705882352941,
        "P_1": 0.0
    },
    "9": {
        "map": 0.0011641443538998836,
        "P_1": 0.0
    }
}