{
    "0": {
        "map": 0.0014492753623188406,
        "P_1": 0.0
    },
    "1": {
        "map": 0.0014641288433382138,
        "P_1": 0.0
    },
    "10": {
        "map": 0.0016835016835016834,
        "P_1": 0.0
    },
    "11": {
        "map": 0.0010526315789473684,
        "P_1": 0.0
    },
    "12": {
        "map": 0.0010319917440660474,
        "P_1": 0.0
    },
    "13": {
        "map": 0.058823529411764705,
        "P_1": 0.0
    },
    "14": {
        "map": 0.01818181818181818,
        "P_1": 0.0
    },
    "15": {
        "map": 0.011235955056179775,
        "P_1": 0.0
    },
    "16": {
        "map": 0.0010438413361169101,
        "P_1": 0.0
    },
    "17": {
        "map": 0.001006036217303823,
        "P_1": 0.0
    },
    "18": {
        "map": 0.0017211703958691911,
        "P_1": 0.0
    },
    "19": {
        "map": 0.0010604453870625664,
        "P_1": 0.0
    },
    "2": {
        "map": 0.0014064697609001407,
        "P_1": 0.0
    },
    "3": {
        "map": 0.005847953216374269,
        "P_1": 0.0
    },
    "4": {
        "map": 0.05263157894736842,
        "P_1": 0.0
    },
    "5": {
        "map": 0.0019267822736030828,
        "P_1": 0.0
    },
    "6": {
        "map": 0.0010070493454179255,
        "P_1": 0.0
    },
    "7": {
        "map": 0.001034126163391934,
        "P_1": 0.0
    },
    "8": {
        "map": 0.008849557522123894,
        "P_1": 0.0
    },
    "9": {
        "map": 0.0011160714285714285,
        "P_1": 0.0
    }
}