{
    "0": {
        "map": 0.0014925373134328358,
        "P_1": 0.0
    },
    "1": {
        "map": 0.0014792899408284023,
        "P_1": 0.0
    },
    "10": {
        "map": 0.001445086705202312,
        "P_1": 0.0
    },
    "11": {
        "map": 0.001075268817204301,
        "P_1": 0.0
    },
    "12": {
        "map": 0.0010330578512396695,
        "P_1": 0.0
    },
    "13": {
        "map": 0.2,
        "P_1": 0.0
    },
    "14": {
        "map": 0.017241379310344827,
        "P_1": 0.0
    },
    "15": {
        "map": 0.016129032258064516,
        "P_1": 0.0
    },
    "16": {
        "map": 0.0010460251046025104,
        "P_1": 0.0
    },
    "17": {
        "map": 0.0010070493454179255,
        "P_1": 0.0
    },
    "18": {
        "map": 0.001145475372279496,
        "P_1": 0.0
    },
    "19": {
        "map": 0.0010660980810234541,
        "P_1": 0.0
    },
    "2": {
        "map": 0.0015290519877675841,
        "P_1": 0.0
    },
    "3": {
        "map": 0.007936507936507936,
        "P_1": 0.0
    },
    "4": {
        "map": 0.14285714285714285,
        "P_1": 0.0
    },
    "5": {
        "map": 0.0017331022530329288,
        "P_1": 0.0
    },
    "6": {
        "map": 0.0010141987829614604,
        "P_1": 0.0
    },
    "7": {
        "map": 0.0010395010395010396,
        "P_1": 0.0
    },
    "8": {
        "map": 0.00980392156862745,
        "P_1": 0.0
    },
    "9": {
        "map": 0.0010330578512396695,
        "P_1": 0.0
    }
}