{
    "0": {
        "map": 0.001610305958132045,
        "P_1": 0.0
    },
    "1": {
        "map": 0.001443001443001443,
        "P_1": 0.0
    },
    "10": {
        "map": 0.0014705882352941176,
        "P_1": 0.0
    },
    "11": {
        "map": 0.0011135857461024498,
        "P_1": 0.0
    },
    "12": {
        "map": 0.0011389521640091116,
        "P_1": 0.0
    },
    "13": {
        "map": 0.024390243902439025,
        "P_1": 0.0
    },
    "14": {
        "map": 0.02631578947368421,
        "P_1": 0.0
    },
    "15": {
        "map": 0.022727272727272728,
        "P_1": 0.0
    },
    "16": {
        "map": 0.0010660980810234541,
        "P_1": 0.0
    },
    "17": {
        "map": 0.001004016064257028,
        "P_1": 0.0
    },
    "18": {
        "map": 0.0011185682326621924,
        "P_1": 0.0
    },
    "19": {
        "map": 0.0010482180293501049,
        "P_1": 0.0
    },
    "2": {
        "map": 0.001584786053882726,
        "P_1": 0.0
    },
    "3": {
        "map": 0.002849002849002849,
        "P_1": 0.0
    },
    "4": {
        "map": 0.007575757575757576,
        "P_1": 0.0
    },
    "5": {
        "map": 0.0010869565217391304,
        "P_1": 0.0
    },
    "6": {
        "map": 0.0010183299389002036,
        "P_1": 0.0
    },
    "7": {
        "map": 0.001040582726326743,
        "P_1": 0.0
    },
    "8": {
        "map": 0.005076142131979695,
        "P_1": 0.0
    },
    "9": {
        "map": 0.0010362694300518134,
        "P_1": 0.0
    }
}