{
    "0": {
        "map": 0.00211864406779661,
        "P_1": 0.0
    },
    "1": {
        "map": 0.0010050251256281408,
        "P_1": 0.0
    },
    "10": {
        "map": 0.0015432098765432098,
        "P_1": 0.0
    },
    "11": {
        "map": 0.0010224948875255625,
        "P_1": 0.0
    },
    "12": {
        "map": 0.0012345679012345679,
        "P_1": 0.0
    },
    "13": {
        "map": 0.02631578947368421,
        "P_1": 0.0
    },
    "14": {
        "map": 0.00909090909090909,
        "P_1": 0.0
    },
    "15": {
        "map": 0.09090909090909091,
        "P_1": 0.0
    },
    "16": {
        "map": 0.0010905125408942203,
        "P_1": 0.0
    },
    "17": {
        "map": 0.0010080645161290322,
        "P_1": 0.0
    },
    "18": {
        "map": 0.0013157894736842105,
        "P_1": 0.0
    },
    "19": {
        "map": 0.0010615711252653928,
        "P_1": 0.0
    },
    "2": {
        "map": 0.0027397260273972603,
        "P_1": 0.0
    },
    "3": {
        "map": 0.003367003367003367,
        "P_1": 0.0
    },
    "4": {
        "map": 0.037037037037037035,
        "P_1": 0.0
    },
    "5": {
        "map": 0.001141552511415525,
        "P_1": 0.0
    },
    "6": {
        "map": 0.0010471204188481676,
        "P_1": 0.0
    },
    "7": {
        "map": 0.0010787486515641855,
        "P_1": 0.0
    },
    "8": {
        "map": 0.006172839506172839,
        "P_1": 0.0
    },
    "9": {
        "map": 0.0010964912280701754,
        "P_1": 0.0
    }
}