{
    "0": {
        "map": 0.001440922190201729,
        "P_1": 0.0
    },
    "1": {
        "map": 0.0014285714285714286,
        "P_1": 0.0
    },
    "10": {
        "map": 0.0016611295681063123,
        "P_1": 0.0
    },
    "11": {
        "map": 0.0010526315789473684,
        "P_1": 0.0
    },
    "12": {
        "map": 0.0010395010395010396,
        "P_1": 0.0
    },
    "13": {
        "map": 0.029411764705882353,
        "P_1": 0.0
    },
    "14": {
        "map": 0.011627906976744186,
        "P_1": 0.0
    },
    "15": {
        "map": 0.011904761904761904,
        "P_1": 0.0
    },
    "16": {
        "map": 0.001088139281828074,
        "P_1": 0.0
    },
    "17": {
        "map": 0.0010050251256281408,
        "P_1": 0.0
    },
    "18": {
        "map": 0.0017152658662092624,
        "P_1": 0.0
    },
    "19": {
        "map": 0.0010604453870625664,
        "P_1": 0.0
    },
    "2": {
        "map": 0.001392757660167131,
        "P_1": 0.0
    },
    "3": {
        "map": 0.005813953488372093,
        "P_1": 0.0
    },
    "4": {
        "map": 0.047619047619047616,
        "P_1": 0.0
    },
    "5": {
        "map": 0.0024937655860349127,
        "P_1": 0.0
    },
    "6": {
        "map": 0.0010070493454179255,
        "P_1": 0.0
    },
    "7": {
        "map": 0.0010277492291880781,
        "P_1": 0.0
    },
    "8": {
        "map": 0.008130081300813009,
        "P_1": 0.0
    },
    "9": {
        "map": 0.0011123470522803114,
        "P_1": 0.0
    }
}