{
    "0": {
        "map": 0.002188183807439825,
        "P_1": 0.0
    },
    "1": {
        "map": 0.001366120218579235,
        "P_1": 0.0
    },
    "10": {
        "map": 0.0017035775127768314,
        "P_1": 0.0
    },
    "11": {
        "map": 0.0010438413361169101,
        "P_1": 0.0
    },
    "12": {
        "map": 0.0010319917440660474,
        "P_1": 0.0
    },
    "13": {
        "map": 0.018867924528301886,
        "P_1": 0.0
    },
    "14": {
        "map": 0.00909090909090909,
        "P_1": 0.0
    },
    "15": {
        "map": 0.011764705882352941,
        "P_1": 0.0
    },
    "16": {
        "map": 0.0010822510822510823,
        "P_1": 0.0
    },
    "17": {
        "map": 0.0010050251256281408,
        "P_1": 0.0
    },
    "18": {
        "map": 0.0017271157167530224,
        "P_1": 0.0
    },
    "19": {
        "map": 0.001059322033898305,
        "P_1": 0.0
    },
    "2": {
        "map": 0.0014619883040935672,
        "P_1": 0.0
    },
    "3": {
        "map": 0.00558659217877095,
        "P_1": 0.0
    },
    "4": {
        "map": 0.0625,
        "P_1": 0.0
    },
    "5": {
        "map": 0.0021929824561403508,
        "P_1": 0.0
    },
    "6": {
        "map": 0.001006036217303823,
        "P_1": 0.0
    },
    "7": {
        "map": 0.0010121457489878543,
        "P_1": 0.0
    },
    "8": {
        "map": 0.007462686567164179,
        "P_1": 0.0
    },
    "9": {
        "map": 0.0011086474501108647,
        "P_1": 0.0
    }
}