{
    "0": {
        "map": 0.0040650406504065045,
        "P_1": 0.0
    },
    "1": {
        "map": 0.0010245901639344263,
        "P_1": 0.0
    },
    "10": {
        "map": 0.0016420361247947454,
        "P_1": 0.0
    },
    "11": {
        "map": 0.0010214504596527069,
        "P_1": 0.0
    },
    "12": {
        "map": 0.0012077294685990338,
        "P_1": 0.0
    },
    "13": {
        "map": 0.004048582995951417,
        "P_1": 0.0
    },
    "14": {
        "map": 0.0011299435028248588,
        "P_1": 0.0
    },
    "15": {
        "map": 0.017857142857142856,
        "P_1": 0.0
    },
    "16": {
        "map": 0.001088139281828074,
        "P_1": 0.0
    },
    "17": {
        "map": 0.0010515247108307045,
        "P_1": 0.0
    },
    "18": {
        "map": 0.001394700139470014,
        "P_1": 0.0
    },
    "19": {
        "map": 0.0015337423312883436,
        "P_1": 0.0
    },
    "2": {
        "map": 0.002403846153846154,
        "P_1": 0.0
    },
    "3": {
        "map": 0.006896551724137931,
        "P_1": 0.0
    },
    "4": {
        "map": 0.04,
        "P_1": 0.0
    },
    "5": {
        "map": 0.004347826086956522,
        "P_1": 0.0
    },
    "6": {
        "map": 0.0010526315789473684,
        "P_1": 0.0
    },
    "7": {
        "map": 0.0011792452830188679,
        "P_1": 0.0
    },
    "8": {
        "map": 0.005714285714285714,
        "P_1": 0.0
    },
    "9": {
        "map": 0.0015600624024961,
        "P_1": 0.0
    }
}