{
    "0": {
        "map": 0.006097560975609756,
        "P_1": 0.0
    },
    "1": {
        "map": 0.0010121457489878543,
        "P_1": 0.0
    },
    "10": {
        "map": 0.0013351134846461949,
        "P_1": 0.0
    },
    "11": {
        "map": 0.001006036217303823,
        "P_1": 0.0
    },
    "12": {
        "map": 0.0010638297872340426,
        "P_1": 0.0
    },
    "13": {
        "map": 0.02040816326530612,
        "P_1": 0.0
    },
    "14": {
        "map": 0.00398406374501992,
        "P_1": 0.0
    },
    "15": {
        "map": 0.006993006993006993,
        "P_1": 0.0
    },
    "16": {
        "map": 0.001310615989515072,
        "P_1": 0.0
    },
    "17": {
        "map": 0.0022522522522522522,
        "P_1": 0.0
    },
    "18": {
        "map": 0.0015748031496062992,
        "P_1": 0.0
    },
    "19": {
        "map": 0.0012330456226880395,
        "P_1": 0.0
    },
    "2": {
        "map": 0.0041841004184100415,
        "P_1": 0.0
    },
    "3": {
        "map": 0.004464285714285714,
        "P_1": 0.0
    },
    "4": {
        "map": 0.005025125628140704,
        "P_1": 0.0
    },
    "5": {
        "map": 0.043478260869565216,
        "P_1": 0.0
    },
    "6": {
        "map": 0.0012004801920768306,
        "P_1": 0.0
    },
    "7": {
        "map": 0.0011001100110011,
        "P_1": 0.0
    },
    "8": {
        "map": 0.00392156862745098,
        "P_1": 0.0
    },
    "9": {
        "map": 0.0010449320794148381,
        "P_1": 0.0
    }
}