{
    "0": {
        "map": 0.004694835680751174,
        "P_1": 0.0
    },
    "1": {
        "map": 0.0010090817356205853,
        "P_1": 0.0
    },
    "10": {
        "map": 0.0012970168612191958,
        "P_1": 0.0
    },
    "11": {
        "map": 0.001004016064257028,
        "P_1": 0.0
    },
    "12": {
        "map": 0.0010615711252653928,
        "P_1": 0.0
    },
    "13": {
        "map": 0.037037037037037035,
        "P_1": 0.0
    },
    "14": {
        "map": 0.010526315789473684,
        "P_1": 0.0
    },
    "15": {
        "map": 0.007407407407407408,
        "P_1": 0.0
    },
    "16": {
        "map": 0.0013020833333333333,
        "P_1": 0.0
    },
    "17": {
        "map": 0.002183406113537118,
        "P_1": 0.0
    },
    "18": {
        "map": 0.0015290519877675841,
        "P_1": 0.0
    },
    "19": {
        "map": 0.0012594458438287153,
        "P_1": 0.0
    },
    "2": {
        "map": 0.006896551724137931,
        "P_1": 0.0
    },
    "3": {
        "map": 0.0029154518950437317,
        "P_1": 0.0
    },
    "4": {
        "map": 0.006711409395973154,
        "P_1": 0.0
    },
    "5": {
        "map": 0.02631578947368421,
        "P_1": 0.0
    },
    "6": {
        "map": 0.001145475372279496,
        "P_1": 0.0
    },
    "7": {
        "map": 0.0010976948408342481,
        "P_1": 0.0
    },
    "8": {
        "map": 0.004807692307692308,
        "P_1": 0.0
    },
    "9": {
        "map": 0.001091703056768559,
        "P_1": 0.0
    }
}