{
    "0": {
        "map": 0.0035971223021582736,
        "P_1": 0.0
    },
    "1": {
        "map": 0.0010193679918450561,
        "P_1": 0.0
    },
    "10": {
        "map": 0.0016233766233766235,
        "P_1": 0.0
    },
    "11": {
        "map": 0.0010193679918450561,
        "P_1": 0.0
    },
    "12": {
        "map": 0.001141552511415525,
        "P_1": 0.0
    },
    "13": {
        "map": 0.015151515151515152,
        "P_1": 0.0
    },
    "14": {
        "map": 0.0013774104683195593,
        "P_1": 0.0
    },
    "15": {
        "map": 0.01098901098901099,
        "P_1": 0.0
    },
    "16": {
        "map": 0.0010615711252653928,
        "P_1": 0.0
    },
    "17": {
        "map": 0.001697792869269949,
        "P_1": 0.0
    },
    "18": {
        "map": 0.0012345679012345679,
        "P_1": 0.0
    },
    "19": {
        "map": 0.0012658227848101266,
        "P_1": 0.0
    },
    "2": {
        "map": 0.0022727272727272726,
        "P_1": 0.0
    },
    "3": {
        "map": 0.005555555555555556,
        "P_1": 0.0
    },
    "4": {
        "map": 0.01639344262295082,
        "P_1": 0.0
    },
    "5": {
        "map": 0.010752688172043012,
        "P_1": 0.0
    },
    "6": {
        "map": 0.0010330578512396695,
        "P_1": 0.0
    },
    "7": {
        "map": 0.0011467889908256881,
        "P_1": 0.0
    },
    "8": {
        "map": 0.00625,
        "P_1": 0.0
    },
    "9": {
        "map": 0.0011494252873563218,
        "P_1": 0.0
    }
}