{
    "0": {
        "map": 0.006896551724137931,
        "P_1": 0.0
    },
    "1": {
        "map": 0.001017293997965412,
        "P_1": 0.0
    },
    "10": {
        "map": 0.0013386880856760374,
        "P_1": 0.0
    },
    "11": {
        "map": 0.0010141987829614604,
        "P_1": 0.0
    },
    "12": {
        "map": 0.0010741138560687433,
        "P_1": 0.0
    },
    "13": {
        "map": 0.027777777777777776,
        "P_1": 0.0
    },
    "14": {
        "map": 0.00425531914893617,
        "P_1": 0.0
    },
    "15": {
        "map": 0.007246376811594203,
        "P_1": 0.0
    },
    "16": {
        "map": 0.0013831258644536654,
        "P_1": 0.0
    },
    "17": {
        "map": 0.001584786053882726,
        "P_1": 0.0
    },
    "18": {
        "map": 0.0015772870662460567,
        "P_1": 0.0
    },
    "19": {
        "map": 0.0012376237623762376,
        "P_1": 0.0
    },
    "2": {
        "map": 0.004761904761904762,
        "P_1": 0.0
    },
    "3": {
        "map": 0.0033444816053511705,
        "P_1": 0.0
    },
    "4": {
        "map": 0.0064516129032258064,
        "P_1": 0.0
    },
    "5": {
        "map": 0.027777777777777776,
        "P_1": 0.0
    },
    "6": {
        "map": 0.0012903225806451613,
        "P_1": 0.0
    },
    "7": {
        "map": 0.0011173184357541898,
        "P_1": 0.0
    },
    "8": {
        "map": 0.004219409282700422,
        "P_1": 0.0
    },
    "9": {
        "map": 0.0011098779134295228,
        "P_1": 0.0
    }
}