{
    "0": {
        "map": 0.0136986301369863,
        "P_1": 0.0
    },
    "1": {
        "map": 0.00101010101010101,
        "P_1": 0.0
    },
    "10": {
        "map": 0.0011806375442739079,
        "P_1": 0.0
    },
    "11": {
        "map": 0.001002004008016032,
        "P_1": 0.0
    },
    "12": {
        "map": 0.0010515247108307045,
        "P_1": 0.0
    },
    "13": {
        "map": 0.03125,
        "P_1": 0.0
    },
    "14": {
        "map": 0.013513513513513514,
        "P_1": 0.0
    },
    "15": {
        "map": 0.008333333333333333,
        "P_1": 0.0
    },
    "16": {
        "map": 0.0014749262536873156,
        "P_1": 0.0
    },
    "17": {
        "map": 0.0018796992481203006,
        "P_1": 0.0
    },
    "18": {
        "map": 0.0015290519877675841,
        "P_1": 0.0
    },
    "19": {
        "map": 0.001282051282051282,
        "P_1": 0.0
    },
    "2": {
        "map": 0.008064516129032258,
        "P_1": 0.0
    },
    "3": {
        "map": 0.0026666666666666666,
        "P_1": 0.0
    },
    "4": {
        "map": 0.007633587786259542,
        "P_1": 0.0
    },
    "5": {
        "map": 0.038461538461538464,
        "P_1": 0.0
    },
    "6": {
        "map": 0.001226993865030675,
        "P_1": 0.0
    },
    "7": {
        "map": 0.001072961373390558,
        "P_1": 0.0
    },
    "8": {
        "map": 0.0036231884057971015,
        "P_1": 0.0
    },
    "9": {
        "map": 0.0011098779134295228,
        "P_1": 0.0
    }
}