{
    "0": {
        "map": 0.01282051282051282,
        "P_1": 0.0
    },
    "1": {
        "map": 0.001017293997965412,
        "P_1": 0.0
    },
    "10": {
        "map": 0.001349527665317139,
        "P_1": 0.0
    },
    "11": {
        "map": 0.0010152284263959391,
        "P_1": 0.0
    },
    "12": {
        "map": 0.0010893246187363835,
        "P_1": 0.0
    },
    "13": {
        "map": 0.027777777777777776,
        "P_1": 0.0
    },
    "14": {
        "map": 0.00625,
        "P_1": 0.0
    },
    "15": {
        "map": 0.009433962264150943,
        "P_1": 0.0
    },
    "16": {
        "map": 0.0011148272017837235,
        "P_1": 0.0
    },
    "17": {
        "map": 0.001379310344827586,
        "P_1": 0.0
    },
    "18": {
        "map": 0.0012484394506866417,
        "P_1": 0.0
    },
    "19": {
        "map": 0.0012224938875305623,
        "P_1": 0.0
    },
    "2": {
        "map": 0.00211864406779661,
        "P_1": 0.0
    },
    "3": {
        "map": 0.003952569169960474,
        "P_1": 0.0
    },
    "4": {
        "map": 0.015151515151515152,
        "P_1": 0.0
    },
    "5": {
        "map": 0.02564102564102564,
        "P_1": 0.0
    },
    "6": {
        "map": 0.0010298661174047373,
        "P_1": 0.0
    },
    "7": {
        "map": 0.0010706638115631692,
        "P_1": 0.0
    },
    "8": {
        "map": 0.006289308176100629,
        "P_1": 0.0
    },
    "9": {
        "map": 0.0011350737797956867,
        "P_1": 0.0
    }
}