{
    "0": {
        "map": 0.007751937984496124,
        "P_1": 0.0
    },
    "1": {
        "map": 0.0010090817356205853,
        "P_1": 0.0
    },
    "10": {
        "map": 0.00125,
        "P_1": 0.0
    },
    "11": {
        "map": 0.001001001001001001,
        "P_1": 0.0
    },
    "12": {
        "map": 0.0010604453870625664,
        "P_1": 0.0
    },
    "13": {
        "map": 0.03571428571428571,
        "P_1": 0.0
    },
    "14": {
        "map": 0.017543859649122806,
        "P_1": 0.0
    },
    "15": {
        "map": 0.008620689655172414,
        "P_1": 0.0
    },
    "16": {
        "map": 0.0012330456226880395,
        "P_1": 0.0
    },
    "17": {
        "map": 0.00196078431372549,
        "P_1": 0.0
    },
    "18": {
        "map": 0.0015408320493066256,
        "P_1": 0.0
    },
    "19": {
        "map": 0.001282051282051282,
        "P_1": 0.0
    },
    "2": {
        "map": 0.00684931506849315,
        "P_1": 0.0
    },
    "3": {
        "map": 0.002840909090909091,
        "P_1": 0.0
    },
    "4": {
        "map": 0.0070921985815602835,
        "P_1": 0.0
    },
    "5": {
        "map": 0.02631578947368421,
        "P_1": 0.0
    },
    "6": {
        "map": 0.0011441647597254005,
        "P_1": 0.0
    },
    "7": {
        "map": 0.0010976948408342481,
        "P_1": 0.0
    },
    "8": {
        "map": 0.004784688995215311,
        "P_1": 0.0
    },
    "9": {
        "map": 0.0011363636363636363,
        "P_1": 0.0
    }
}