{
    "0": {
        "map": 0.006993006993006993,
        "P_1": 0.0
    },
    "1": {
        "map": 0.00101010101010101,
        "P_1": 0.0
    },
    "10": {
        "map": 0.0012376237623762376,
        "P_1": 0.0
    },
    "11": {
        "map": 0.001002004008016032,
        "P_1": 0.0
    },
    "12": {
        "map": 0.0010604453870625664,
        "P_1": 0.0
    },
    "13": {
        "map": 0.034482758620689655,
        "P_1": 0.0
    },
    "14": {
        "map": 0.010309278350515464,
        "P_1": 0.0
    },
    "15": {
        "map": 0.008695652173913044,
        "P_1": 0.0
    },
    "16": {
        "map": 0.001277139208173691,
        "P_1": 0.0
    },
    "17": {
        "map": 0.0019305019305019305,
        "P_1": 0.0
    },
    "18": {
        "map": 0.0015360983102918587,
        "P_1": 0.0
    },
    "19": {
        "map": 0.0011890606420927466,
        "P_1": 0.0
    },
    "2": {
        "map": 0.005813953488372093,
        "P_1": 0.0
    },
    "3": {
        "map": 0.002793296089385475,
        "P_1": 0.0
    },
    "4": {
        "map": 0.008928571428571428,
        "P_1": 0.0
    },
    "5": {
        "map": 0.03125,
        "P_1": 0.0
    },
    "6": {
        "map": 0.0011325028312570782,
        "P_1": 0.0
    },
    "7": {
        "map": 0.001072961373390558,
        "P_1": 0.0
    },
    "8": {
        "map": 0.004672897196261682,
        "P_1": 0.0
    },
    "9": {
        "map": 0.0011123470522803114,
        "P_1": 0.0
    }
}