{
    "0": {
        "map": 0.001524390243902439,
        "P_1": 0.0
    },
    "1": {
        "map": 0.0011148272017837235,
        "P_1": 0.0
    },
    "2": {
        "map": 0.002967359050445104,
        "P_1": 0.0
    },
    "3": {
        "map": 0.0037593984962406013,
        "P_1": 0.0
    },
    "4": {
        "map": 0.004484304932735426,
        "P_1": 0.0
    },
    "5": {
        "map": 0.0013774104683195593,
        "P_1": 0.0
    },
    "6": {
        "map": 0.023809523809523808,
        "P_1": 0.0
    },
    "7": {
        "map": 0.010309278350515464,
        "P_1": 0.0
    },
    "8": {
        "map": 0.0013850415512465374,
        "P_1": 0.0
    },
    "9": {
        "map": 0.0011441647597254005,
        "P_1": 0.0
    }
}