{
    "0": {
        "map": 0.001379310344827586,
        "P_1": 0.0
    },
    "1": {
        "map": 0.001697792869269949,
        "P_1": 0.0
    },
    "2": {
        "map": 0.003968253968253968,
        "P_1": 0.0
    },
    "3": {
        "map": 0.0036496350364963502,
        "P_1": 0.0
    },
    "4": {
        "map": 0.013333333333333334,
        "P_1": 0.0
    },
    "5": {
        "map": 0.0017271157167530224,
        "P_1": 0.0
    },
    "6": {
        "map": 0.013157894736842105,
        "P_1": 0.0
    },
    "7": {
        "map": 0.0196078431372549,
        "P_1": 0.0
    },
    "8": {
        "map": 0.022222222222222223,
        "P_1": 0.0
    },
    "9": {
        "map": 0.00909090909090909,
        "P_1": 0.0
    }
}