{
    "0": {
        "map": 0.0015220700152207,
        "P_1": 0.0
    },
    "1": {
        "map": 0.0011312217194570137,
        "P_1": 0.0
    },
    "2": {
        "map": 0.003472222222222222,
        "P_1": 0.0
    },
    "3": {
        "map": 0.004273504273504274,
        "P_1": 0.0
    },
    "4": {
        "map": 0.004629629629629629,
        "P_1": 0.0
    },
    "5": {
        "map": 0.0017605633802816902,
        "P_1": 0.0
    },
    "6": {
        "map": 0.03125,
        "P_1": 0.0
    },
    "7": {
        "map": 0.009433962264150943,
        "P_1": 0.0
    },
    "8": {
        "map": 0.00684931506849315,
        "P_1": 0.0
    },
    "9": {
        "map": 0.001142857142857143,
        "P_1": 0.0
    }
}