{
    "0": {
        "map": 0.003436426116838488,
        "P_1": 0.0
    },
    "1": {
        "map": 0.0017574692442882249,
        "P_1": 0.0
    },
    "2": {
        "map": 0.003401360544217687,
        "P_1": 0.0
    },
    "3": {
        "map": 0.001455604075691412,
        "P_1": 0.0
    },
    "4": {
        "map": 0.0017094017094017094,
        "P_1": 0.0
    },
    "5": {
        "map": 0.0026246719160104987,
        "P_1": 0.0
    },
    "6": {
        "map": 0.0023923444976076554,
        "P_1": 0.0
    },
    "7": {
        "map": 0.001984126984126984,
        "P_1": 0.0
    },
    "8": {
        "map": 0.0018148820326678765,
        "P_1": 0.0
    },
    "9": {
        "map": 0.0017391304347826088,
        "P_1": 0.0
    }
}