{
    "0": {
        "map": 0.0015337423312883436,
        "P_1": 0.0
    },
    "1": {
        "map": 0.0012406947890818859,
        "P_1": 0.0
    },
    "2": {
        "map": 0.0020408163265306124,
        "P_1": 0.0
    },
    "3": {
        "map": 0.004545454545454545,
        "P_1": 0.0
    },
    "4": {
        "map": 0.003205128205128205,
        "P_1": 0.0
    },
    "5": {
        "map": 0.002207505518763797,
        "P_1": 0.0
    },
    "6": {
        "map": 0.023809523809523808,
        "P_1": 0.0
    },
    "7": {
        "map": 0.010526315789473684,
        "P_1": 0.0
    },
    "8": {
        "map": 0.001388888888888889,
        "P_1": 0.0
    },
    "9": {
        "map": 0.001142857142857143,
        "P_1": 0.0
    }
}