{
    "0": {
        "map": 0.0015360983102918587,
        "P_1": 0.0
    },
    "1": {
        "map": 0.001221001221001221,
        "P_1": 0.0
    },
    "2": {
        "map": 0.0020408163265306124,
        "P_1": 0.0
    },
    "3": {
        "map": 0.004405286343612335,
        "P_1": 0.0
    },
    "4": {
        "map": 0.0016806722689075631,
        "P_1": 0.0
    },
    "5": {
        "map": 0.0024813895781637717,
        "P_1": 0.0
    },
    "6": {
        "map": 0.0125,
        "P_1": 0.0
    },
    "7": {
        "map": 0.0020920502092050207,
        "P_1": 0.0
    },
    "8": {
        "map": 0.001392757660167131,
        "P_1": 0.0
    },
    "9": {
        "map": 0.0012836970474967907,
        "P_1": 0.0
    }
}