{
    "0": {
        "map": 0.0015151515151515152,
        "P_1": 0.0
    },
    "1": {
        "map": 0.0021413276231263384,
        "P_1": 0.0
    },
    "2": {
        "map": 0.003424657534246575,
        "P_1": 0.0
    },
    "3": {
        "map": 0.004310344827586207,
        "P_1": 0.0
    },
    "4": {
        "map": 0.005154639175257732,
        "P_1": 0.0
    },
    "5": {
        "map": 0.0017543859649122807,
        "P_1": 0.0
    },
    "6": {
        "map": 0.030303030303030304,
        "P_1": 0.0
    },
    "7": {
        "map": 0.0051813471502590676,
        "P_1": 0.0
    },
    "8": {
        "map": 0.043478260869565216,
        "P_1": 0.0
    },
    "9": {
        "map": 0.010416666666666666,
        "P_1": 0.0
    }
}