{
    "0": {
        "map": 0.0014084507042253522,
        "P_1": 0.0
    },
    "1": {
        "map": 0.0018115942028985507,
        "P_1": 0.0
    },
    "2": {
        "map": 0.0033333333333333335,
        "P_1": 0.0
    },
    "3": {
        "map": 0.0036900369003690036,
        "P_1": 0.0
    },
    "4": {
        "map": 0.023255813953488372,
        "P_1": 0.0
    },
    "5": {
        "map": 0.00205761316872428,
        "P_1": 0.0
    },
    "6": {
        "map": 0.013157894736842105,
        "P_1": 0.0
    },
    "7": {
        "map": 0.00510204081632653,
        "P_1": 0.0
    },
    "8": {
        "map": 0.022222222222222223,
        "P_1": 0.0
    },
    "9": {
        "map": 0.009523809523809525,
        "P_1": 0.0
    }
}