{
    "0": {
        "map": 0.0014492753623188406,
        "P_1": 0.0
    },
    "1": {
        "map": 0.0021141649048625794,
        "P_1": 0.0
    },
    "2": {
        "map": 0.003367003367003367,
        "P_1": 0.0
    },
    "3": {
        "map": 0.003703703703703704,
        "P_1": 0.0
    },
    "4": {
        "map": 0.005235602094240838,
        "P_1": 0.0
    },
    "5": {
        "map": 0.0021008403361344537,
        "P_1": 0.0
    },
    "6": {
        "map": 0.02857142857142857,
        "P_1": 0.0
    },
    "7": {
        "map": 0.0051813471502590676,
        "P_1": 0.0
    },
    "8": {
        "map": 0.023809523809523808,
        "P_1": 0.0
    },
    "9": {
        "map": 0.01020408163265306,
        "P_1": 0.0
    }
}