{
    "0": {
        "map": 0.00423728813559322,
        "P_1": 0.0
    },
    "1": {
        "map": 0.0017064846416382253,
        "P_1": 0.0
    },
    "2": {
        "map": 0.00392156862745098,
        "P_1": 0.0
    },
    "3": {
        "map": 0.003003003003003003,
        "P_1": 0.0
    },
    "4": {
        "map": 0.016129032258064516,
        "P_1": 0.0
    },
    "5": {
        "map": 0.0017241379310344827,
        "P_1": 0.0
    },
    "6": {
        "map": 0.006802721088435374,
        "P_1": 0.0
    },
    "7": {
        "map": 0.0196078431372549,
        "P_1": 0.0
    },
    "8": {
        "map": 0.021739130434782608,
        "P_1": 0.0
    },
    "9": {
        "map": 0.008771929824561403,
        "P_1": 0.0
    }
}