{
    "0": {
        "map": 0.001440922190201729,
        "P_1": 0.0
    },
    "1": {
        "map": 0.0014285714285714286,
        "P_1": 0.0
    },
    "2": {
        "map": 0.001392757660167131,
        "P_1": 0.0
    },
    "3": {
        "map": 0.005813953488372093,
        "P_1": 0.0
    },
    "4": {
        "map": 0.047619047619047616,
        "P_1": 0.0
    },
    "5": {
        "map": 0.0024937655860349127,
        "P_1": 0.0
    },
    "6": {
        "map": 0.0010070493454179255,
        "P_1": 0.0
    },
    "7": {
        "map": 0.0010277492291880781,
        "P_1": 0.0
    },
    "8": {
        "map": 0.008130081300813009,
        "P_1": 0.0
    },
    "9": {
        "map": 0.0011123470522803114,
        "P_1": 0.0
    }
}