{
    "0": {
        "map": 0.001610305958132045,
        "P_1": 0.0
    },
    "1": {
        "map": 0.001443001443001443,
        "P_1": 0.0
    },
    "2": {
        "map": 0.001584786053882726,
        "P_1": 0.0
    },
    "3": {
        "map": 0.002849002849002849,
        "P_1": 0.0
    },
    "4": {
        "map": 0.007575757575757576,
        "P_1": 0.0
    },
    "5": {
        "map": 0.0010869565217391304,
        "P_1": 0.0
    },
    "6": {
        "map": 0.0010183299389002036,
        "P_1": 0.0
    },
    "7": {
        "map": 0.001040582726326743,
        "P_1": 0.0
    },
    "8": {
        "map": 0.005076142131979695,
        "P_1": 0.0
    },
    "9": {
        "map": 0.0010362694300518134,
        "P_1": 0.0
    }
}