{
    "0": {
        "map": 0.001697792869269949,
        "P_1": 0.0
    },
    "1": {
        "map": 0.0017513134851138354,
        "P_1": 0.0
    },
    "2": {
        "map": 0.0016666666666666668,
        "P_1": 0.0
    },
    "3": {
        "map": 0.003125,
        "P_1": 0.0
    },
    "4": {
        "map": 0.008695652173913044,
        "P_1": 0.0
    },
    "5": {
        "map": 0.001092896174863388,
        "P_1": 0.0
    },
    "6": {
        "map": 0.0010183299389002036,
        "P_1": 0.0
    },
    "7": {
        "map": 0.0010775862068965517,
        "P_1": 0.0
    },
    "8": {
        "map": 0.006134969325153374,
        "P_1": 0.0
    },
    "9": {
        "map": 0.0010416666666666667,
        "P_1": 0.0
    }
}