{
    "0": {
        "map": 0.0014925373134328358,
        "P_1": 0.0
    },
    "1": {
        "map": 0.0014792899408284023,
        "P_1": 0.0
    },
    "2": {
        "map": 0.0015290519877675841,
        "P_1": 0.0
    },
    "3": {
        "map": 0.007936507936507936,
        "P_1": 0.0
    },
    "4": {
        "map": 0.14285714285714285,
        "P_1": 0.0
    },
    "5": {
        "map": 0.0017331022530329288,
        "P_1": 0.0
    },
    "6": {
        "map": 0.0010141987829614604,
        "P_1": 0.0
    },
    "7": {
        "map": 0.0010395010395010396,
        "P_1": 0.0
    },
    "8": {
        "map": 0.00980392156862745,
        "P_1": 0.0
    },
    "9": {
        "map": 0.0010330578512396695,
        "P_1": 0.0
    }
}