{
    "0": {
        "map": 0.00211864406779661,
        "P_1": 0.0
    },
    "1": {
        "map": 0.0010050251256281408,
        "P_1": 0.0
    },
    "2": {
        "map": 0.0027397260273972603,
        "P_1": 0.0
    },
    "3": {
        "map": 0.003367003367003367,
        "P_1": 0.0
    },
    "4": {
        "map": 0.037037037037037035,
        "P_1": 0.0
    },
    "5": {
        "map": 0.001141552511415525,
        "P_1": 0.0
    },
    "6": {
        "map": 0.0010471204188481676,
        "P_1": 0.0
    },
    "7": {
        "map": 0.0010787486515641855,
        "P_1": 0.0
    },
    "8": {
        "map": 0.006172839506172839,
        "P_1": 0.0
    },
    "9": {
        "map": 0.0010964912280701754,
        "P_1": 0.0
    }
}