{
    "0": {
        "map": 0.0014970059880239522,
        "P_1": 0.0
    },
    "1": {
        "map": 0.0015015015015015015,
        "P_1": 0.0
    },
    "2": {
        "map": 0.0017006802721088435,
        "P_1": 0.0
    },
    "3": {
        "map": 0.002890173410404624,
        "P_1": 0.0
    },
    "4": {
        "map": 0.08333333333333333,
        "P_1": 0.0
    },
    "5": {
        "map": 0.0014534883720930232,
        "P_1": 0.0
    },
    "6": {
        "map": 0.0010183299389002036,
        "P_1": 0.0
    },
    "7": {
        "map": 0.0010384215991692627,
        "P_1": 0.0
    },
    "8": {
        "map": 0.005988023952095809,
        "P_1": 0.0
    },
    "9": {
        "map": 0.0010204081632653062,
        "P_1": 0.0
    }
}