{
    "0": {
        "map": 0.010309278350515464,
        "P_1": 0.0
    },
    "1": {
        "map": 0.001092896174863388,
        "P_1": 0.0
    },
    "2": {
        "map": 0.0024875621890547263,
        "P_1": 0.0
    },
    "3": {
        "map": 0.016666666666666666,
        "P_1": 0.0
    },
    "4": {
        "map": 0.003389830508474576,
        "P_1": 0.0
    },
    "5": {
        "map": 0.09090909090909091,
        "P_1": 0.0
    },
    "6": {
        "map": 0.0030864197530864196,
        "P_1": 0.0
    },
    "7": {
        "map": 0.001288659793814433,
        "P_1": 0.0
    },
    "8": {
        "map": 0.02127659574468085,
        "P_1": 0.0
    },
    "9": {
        "map": 0.0010395010395010396,
        "P_1": 0.0
    }
}