{
    "0": {
        "map": 0.011235955056179775,
        "P_1": 0.0
    },
    "1": {
        "map": 0.001610305958132045,
        "P_1": 0.0
    },
    "2": {
        "map": 0.010309278350515464,
        "P_1": 0.0
    },
    "3": {
        "map": 0.017241379310344827,
        "P_1": 0.0
    },
    "4": {
        "map": 0.004329004329004329,
        "P_1": 0.0
    },
    "5": {
        "map": 0.16666666666666666,
        "P_1": 0.0
    },
    "6": {
        "map": 0.002386634844868735,
        "P_1": 0.0
    },
    "7": {
        "map": 0.0011862396204033216,
        "P_1": 0.0
    },
    "8": {
        "map": 0.005780346820809248,
        "P_1": 0.0
    },
    "9": {
        "map": 0.0012626262626262627,
        "P_1": 0.0
    }
}