{
    "0": {
        "map": 0.016129032258064516,
        "P_1": 0.0
    },
    "1": {
        "map": 0.001076426264800861,
        "P_1": 0.0
    },
    "2": {
        "map": 0.003367003367003367,
        "P_1": 0.0
    },
    "3": {
        "map": 0.011627906976744186,
        "P_1": 0.0
    },
    "4": {
        "map": 0.004132231404958678,
        "P_1": 0.0
    },
    "5": {
        "map": 0.014285714285714285,
        "P_1": 0.0
    },
    "6": {
        "map": 0.0010245901639344263,
        "P_1": 0.0
    },
    "7": {
        "map": 0.0010787486515641855,
        "P_1": 0.0
    },
    "8": {
        "map": 0.006329113924050633,
        "P_1": 0.0
    },
    "9": {
        "map": 0.0010582010582010583,
        "P_1": 0.0
    }
}