{
    "0": {
        "map": 0.009708737864077669,
        "P_1": 0.0
    },
    "1": {
        "map": 0.0016474464579901153,
        "P_1": 0.0
    },
    "2": {
        "map": 0.006493506493506494,
        "P_1": 0.0
    },
    "3": {
        "map": 0.013513513513513514,
        "P_1": 0.0
    },
    "4": {
        "map": 0.00398406374501992,
        "P_1": 0.0
    },
    "5": {
        "map": 0.16666666666666666,
        "P_1": 0.0
    },
    "6": {
        "map": 0.0025188916876574307,
        "P_1": 0.0
    },
    "7": {
        "map": 0.0011261261261261261,
        "P_1": 0.0
    },
    "8": {
        "map": 0.007518796992481203,
        "P_1": 0.0
    },
    "9": {
        "map": 0.0012376237623762376,
        "P_1": 0.0
    }
}