{
    "0": {
        "map": 0.010869565217391304,
        "P_1": 0.0
    },
    "1": {
        "map": 0.0010638297872340426,
        "P_1": 0.0
    },
    "2": {
        "map": 0.002457002457002457,
        "P_1": 0.0
    },
    "3": {
        "map": 0.018518518518518517,
        "P_1": 0.0
    },
    "4": {
        "map": 0.005,
        "P_1": 0.0
    },
    "5": {
        "map": 0.125,
        "P_1": 0.0
    },
    "6": {
        "map": 0.0010235414534288639,
        "P_1": 0.0
    },
    "7": {
        "map": 0.0015151515151515152,
        "P_1": 0.0
    },
    "8": {
        "map": 0.02040816326530612,
        "P_1": 0.0
    },
    "9": {
        "map": 0.0010224948875255625,
        "P_1": 0.0
    }
}