{
    "0": {
        "map": 0.007575757575757576,
        "P_1": 0.0
    },
    "1": {
        "map": 0.0015267175572519084,
        "P_1": 0.0
    },
    "2": {
        "map": 0.004366812227074236,
        "P_1": 0.0
    },
    "3": {
        "map": 0.012987012987012988,
        "P_1": 0.0
    },
    "4": {
        "map": 0.004273504273504274,
        "P_1": 0.0
    },
    "5": {
        "map": 0.14285714285714285,
        "P_1": 0.0
    },
    "6": {
        "map": 0.004273504273504274,
        "P_1": 0.0
    },
    "7": {
        "map": 0.0011261261261261261,
        "P_1": 0.0
    },
    "8": {
        "map": 0.010752688172043012,
        "P_1": 0.0
    },
    "9": {
        "map": 0.0012376237623762376,
        "P_1": 0.0
    }
}