{
    "0": {
        "map": 0.007042253521126761,
        "P_1": 0.0
    },
    "1": {
        "map": 0.0010718113612004287,
        "P_1": 0.0
    },
    "2": {
        "map": 0.0055248618784530384,
        "P_1": 0.0
    },
    "3": {
        "map": 0.01639344262295082,
        "P_1": 0.0
    },
    "4": {
        "map": 0.0044444444444444444,
        "P_1": 0.0
    },
    "5": {
        "map": 0.08333333333333333,
        "P_1": 0.0
    },
    "6": {
        "map": 0.002403846153846154,
        "P_1": 0.0
    },
    "7": {
        "map": 0.0012254901960784314,
        "P_1": 0.0
    },
    "8": {
        "map": 0.006211180124223602,
        "P_1": 0.0
    },
    "9": {
        "map": 0.0013280212483399733,
        "P_1": 0.0
    }
}