{
    "0": {
        "map": 0.009523809523809525,
        "P_1": 0.0
    },
    "1": {
        "map": 0.0010787486515641855,
        "P_1": 0.0
    },
    "2": {
        "map": 0.009345794392523364,
        "P_1": 0.0
    },
    "3": {
        "map": 0.017857142857142856,
        "P_1": 0.0
    },
    "4": {
        "map": 0.0035842293906810036,
        "P_1": 0.0
    },
    "5": {
        "map": 0.058823529411764705,
        "P_1": 0.0
    },
    "6": {
        "map": 0.0037593984962406013,
        "P_1": 0.0
    },
    "7": {
        "map": 0.0012642225031605564,
        "P_1": 0.0
    },
    "8": {
        "map": 0.011111111111111112,
        "P_1": 0.0
    },
    "9": {
        "map": 0.001579778830963665,
        "P_1": 0.0
    }
}