{
    "0": {
        "map": 0.007751937984496124,
        "P_1": 0.0
    },
    "1": {
        "map": 0.0010090817356205853,
        "P_1": 0.0
    },
    "2": {
        "map": 0.00684931506849315,
        "P_1": 0.0
    },
    "3": {
        "map": 0.002840909090909091,
        "P_1": 0.0
    },
    "4": {
        "map": 0.0070921985815602835,
        "P_1": 0.0
    },
    "5": {
        "map": 0.02631578947368421,
        "P_1": 0.0
    },
    "6": {
        "map": 0.0011441647597254005,
        "P_1": 0.0
    },
    "7": {
        "map": 0.0010976948408342481,
        "P_1": 0.0
    },
    "8": {
        "map": 0.004784688995215311,
        "P_1": 0.0
    },
    "9": {
        "map": 0.0011363636363636363,
        "P_1": 0.0
    }
}