{
    "0": {
        "map": 0.0040650406504065045,
        "P_1": 0.0
    },
    "1": {
        "map": 0.0010245901639344263,
        "P_1": 0.0
    },
    "2": {
        "map": 0.002403846153846154,
        "P_1": 0.0
    },
    "3": {
        "map": 0.006896551724137931,
        "P_1": 0.0
    },
    "4": {
        "map": 0.04,
        "P_1": 0.0
    },
    "5": {
        "map": 0.004347826086956522,
        "P_1": 0.0
    },
    "6": {
        "map": 0.0010526315789473684,
        "P_1": 0.0
    },
    "7": {
        "map": 0.0011792452830188679,
        "P_1": 0.0
    },
    "8": {
        "map": 0.005714285714285714,
        "P_1": 0.0
    },
    "9": {
        "map": 0.0015600624024961,
        "P_1": 0.0
    }
}