{
    "0": {
        "map": 0.006993006993006993,
        "P_1": 0.0
    },
    "1": {
        "map": 0.00101010101010101,
        "P_1": 0.0
    },
    "2": {
        "map": 0.005813953488372093,
        "P_1": 0.0
    },
    "3": {
        "map": 0.002793296089385475,
        "P_1": 0.0
    },
    "4": {
        "map": 0.008928571428571428,
        "P_1": 0.0
    },
    "5": {
        "map": 0.03125,
        "P_1": 0.0
    },
    "6": {
        "map": 0.0011325028312570782,
        "P_1": 0.0
    },
    "7": {
        "map": 0.001072961373390558,
        "P_1": 0.0
    },
    "8": {
        "map": 0.004672897196261682,
        "P_1": 0.0
    },
    "9": {
        "map": 0.0011123470522803114,
        "P_1": 0.0
    }
}