{
    "0": {
        "map": 0.004694835680751174,
        "P_1": 0.0
    },
    "1": {
        "map": 0.0010090817356205853,
        "P_1": 0.0
    },
    "2": {
        "map": 0.006896551724137931,
        "P_1": 0.0
    },
    "3": {
        "map": 0.0029154518950437317,
        "P_1": 0.0
    },
    "4": {
        "map": 0.006711409395973154,
        "P_1": 0.0
    },
    "5": {
        "map": 0.02631578947368421,
        "P_1": 0.0
    },
    "6": {
        "map": 0.001145475372279496,
        "P_1": 0.0
    },
    "7": {
        "map": 0.0010976948408342481,
        "P_1": 0.0
    },
    "8": {
        "map": 0.004807692307692308,
        "P_1": 0.0
    },
    "9": {
        "map": 0.001091703056768559,
        "P_1": 0.0
    }
}