{
    "0": {
        "map": 0.006097560975609756,
        "P_1": 0.0
    },
    "1": {
        "map": 0.0010121457489878543,
        "P_1": 0.0
    },
    "2": {
        "map": 0.0041841004184100415,
        "P_1": 0.0
    },
    "3": {
        "map": 0.004464285714285714,
        "P_1": 0.0
    },
    "4": {
        "map": 0.005025125628140704,
        "P_1": 0.0
    },
    "5": {
        "map": 0.043478260869565216,
        "P_1": 0.0
    },
    "6": {
        "map": 0.0012004801920768306,
        "P_1": 0.0
    },
    "7": {
        "map": 0.0011001100110011,
        "P_1": 0.0
    },
    "8": {
        "map": 0.00392156862745098,
        "P_1": 0.0
    },
    "9": {
        "map": 0.0010449320794148381,
        "P_1": 0.0
    }
}