{
    "0": {
        "map": 0.0035971223021582736,
        "P_1": 0.0
    },
    "1": {
        "map": 0.0010193679918450561,
        "P_1": 0.0
    },
    "2": {
        "map": 0.0022727272727272726,
        "P_1": 0.0
    },
    "3": {
        "map": 0.005555555555555556,
        "P_1": 0.0
    },
    "4": {
        "map": 0.01639344262295082,
        "P_1": 0.0
    },
    "5": {
        "map": 0.010752688172043012,
        "P_1": 0.0
    },
    "6": {
        "map": 0.0010330578512396695,
        "P_1": 0.0
    },
    "7": {
        "map": 0.0011467889908256881,
        "P_1": 0.0
    },
    "8": {
        "map": 0.00625,
        "P_1": 0.0
    },
    "9": {
        "map": 0.0011494252873563218,
        "P_1": 0.0
    }
}