{
    "0": {
        "map": 0.006896551724137931,
        "P_1": 0.0
    },
    "1": {
        "map": 0.001017293997965412,
        "P_1": 0.0
    },
    "2": {
        "map": 0.004761904761904762,
        "P_1": 0.0
    },
    "3": {
        "map": 0.0033444816053511705,
        "P_1": 0.0
    },
    "4": {
        "map": 0.0064516129032258064,
        "P_1": 0.0
    },
    "5": {
        "map": 0.027777777777777776,
        "P_1": 0.0
    },
    "6": {
        "map": 0.0012903225806451613,
        "P_1": 0.0
    },
    "7": {
        "map": 0.0011173184357541898,
        "P_1": 0.0
    },
    "8": {
        "map": 0.004219409282700422,
        "P_1": 0.0
    },
    "9": {
        "map": 0.0011098779134295228,
        "P_1": 0.0
    }
}