{
    "0": {
        "map": 0.0025188916876574307,
        "P_1": 0.0
    },
    "1": {
        "map": 0.001557632398753894,
        "P_1": 0.0
    },
    "10": {
        "map": 0.0030581039755351682,
        "P_1": 0.0
    },
    "11": {
        "map": 0.0012578616352201257,
        "P_1": 0.0
    },
    "12": {
        "map": 0.0011737089201877935,
        "P_1": 0.0
    },
    "13": {
        "map": 0.008771929824561403,
        "P_1": 0.0
    },
    "14": {
        "map": 0.0024154589371980675,
        "P_1": 0.0
    },
    "15": {
        "map": 0.0196078431372549,
        "P_1": 0.0
    },
    "16": {
        "map": 0.0010362694300518134,
        "P_1": 0.0
    },
    "17": {
        "map": 0.001006036217303823,
        "P_1": 0.0
    },
    "18": {
        "map": 0.003875968992248062,
        "P_1": 0.0
    },
    "19": {
        "map": 0.0011299435028248588,
        "P_1": 0.0
    },
    "2": {
        "map": 0.0011534025374855825,
        "P_1": 0.0
    },
    "3": {
        "map": 0.0012578616352201257,
        "P_1": 0.0
    },
    "4": {
        "map": 0.007518796992481203,
        "P_1": 0.0
    },
    "5": {
        "map": 0.0030303030303030303,
        "P_1": 0.0
    },
    "6": {
        "map": 0.0010351966873706005,
        "P_1": 0.0
    },
    "7": {
        "map": 0.001053740779768177,
        "P_1": 0.0
    },
    "8": {
        "map": 0.008,
        "P_1": 0.0
    },
    "9": {
        "map": 0.0011111111111111111,
        "P_1": 0.0
    }
}