{
    "0": {
        "map": 0.002403846153846154,
        "P_1": 0.0
    },
    "1": {
        "map": 0.0018148820326678765,
        "P_1": 0.0
    },
    "10": {
        "map": 0.0020964360587002098,
        "P_1": 0.0
    },
    "11": {
        "map": 0.002325581395348837,
        "P_1": 0.0
    },
    "12": {
        "map": 0.0011350737797956867,
        "P_1": 0.0
    },
    "13": {
        "map": 0.0078125,
        "P_1": 0.0
    },
    "14": {
        "map": 0.0022988505747126436,
        "P_1": 0.0
    },
    "15": {
        "map": 0.00819672131147541,
        "P_1": 0.0
    },
    "16": {
        "map": 0.0010204081632653062,
        "P_1": 0.0
    },
    "17": {
        "map": 0.0012484394506866417,
        "P_1": 0.0
    },
    "18": {
        "map": 0.005434782608695652,
        "P_1": 0.0
    },
    "19": {
        "map": 0.001034126163391934,
        "P_1": 0.0
    },
    "2": {
        "map": 0.0011806375442739079,
        "P_1": 0.0
    },
    "3": {
        "map": 0.0012254901960784314,
        "P_1": 0.0
    },
    "4": {
        "map": 0.00510204081632653,
        "P_1": 0.0
    },
    "5": {
        "map": 0.002544529262086514,
        "P_1": 0.0
    },
    "6": {
        "map": 0.0010080645161290322,
        "P_1": 0.0
    },
    "7": {
        "map": 0.0010449320794148381,
        "P_1": 0.0
    },
    "8": {
        "map": 0.008403361344537815,
        "P_1": 0.0
    },
    "9": {
        "map": 0.001091703056768559,
        "P_1": 0.0
    }
}