{
    "0": {
        "map": 0.002105263157894737,
        "P_1": 0.0
    },
    "1": {
        "map": 0.001557632398753894,
        "P_1": 0.0
    },
    "10": {
        "map": 0.0019230769230769232,
        "P_1": 0.0
    },
    "11": {
        "map": 0.001519756838905775,
        "P_1": 0.0
    },
    "12": {
        "map": 0.0011025358324145535,
        "P_1": 0.0
    },
    "13": {
        "map": 0.013513513513513514,
        "P_1": 0.0
    },
    "14": {
        "map": 0.001610305958132045,
        "P_1": 0.0
    },
    "15": {
        "map": 0.009345794392523364,
        "P_1": 0.0
    },
    "16": {
        "map": 0.001095290251916758,
        "P_1": 0.0
    },
    "17": {
        "map": 0.0012970168612191958,
        "P_1": 0.0
    },
    "18": {
        "map": 0.005681818181818182,
        "P_1": 0.0
    },
    "19": {
        "map": 0.0010330578512396695,
        "P_1": 0.0
    },
    "2": {
        "map": 0.001221001221001221,
        "P_1": 0.0
    },
    "3": {
        "map": 0.0012165450121654502,
        "P_1": 0.0
    },
    "4": {
        "map": 0.004405286343612335,
        "P_1": 0.0
    },
    "5": {
        "map": 0.004545454545454545,
        "P_1": 0.0
    },
    "6": {
        "map": 0.0010070493454179255,
        "P_1": 0.0
    },
    "7": {
        "map": 0.0010482180293501049,
        "P_1": 0.0
    },
    "8": {
        "map": 0.0070921985815602835,
        "P_1": 0.0
    },
    "9": {
        "map": 0.0011185682326621924,
        "P_1": 0.0
    }
}