{
    "0": {
        "map": 0.003952569169960474,
        "P_1": 0.0
    },
    "1": {
        "map": 0.0013245033112582781,
        "P_1": 0.0
    },
    "10": {
        "map": 0.003125,
        "P_1": 0.0
    },
    "11": {
        "map": 0.001034126163391934,
        "P_1": 0.0
    },
    "12": {
        "map": 0.0011185682326621924,
        "P_1": 0.0
    },
    "13": {
        "map": 0.005263157894736842,
        "P_1": 0.0
    },
    "14": {
        "map": 0.0012135922330097086,
        "P_1": 0.0
    },
    "15": {
        "map": 0.06666666666666667,
        "P_1": 0.0
    },
    "16": {
        "map": 0.0010940919037199124,
        "P_1": 0.0
    },
    "17": {
        "map": 0.0010080645161290322,
        "P_1": 0.0
    },
    "18": {
        "map": 0.001388888888888889,
        "P_1": 0.0
    },
    "19": {
        "map": 0.001122334455667789,
        "P_1": 0.0
    },
    "2": {
        "map": 0.0012254901960784314,
        "P_1": 0.0
    },
    "3": {
        "map": 0.0017331022530329288,
        "P_1": 0.0
    },
    "4": {
        "map": 0.009174311926605505,
        "P_1": 0.0
    },
    "5": {
        "map": 0.001692047377326565,
        "P_1": 0.0
    },
    "6": {
        "map": 0.001098901098901099,
        "P_1": 0.0
    },
    "7": {
        "map": 0.0010384215991692627,
        "P_1": 0.0
    },
    "8": {
        "map": 0.004830917874396135,
        "P_1": 0.0
    },
    "9": {
        "map": 0.001059322033898305,
        "P_1": 0.0
    }
}