{
    "0": {
        "map": 0.0023752969121140144,
        "P_1": 0.0
    },
    "1": {
        "map": 0.001763668430335097,
        "P_1": 0.0
    },
    "10": {
        "map": 0.0020161290322580645,
        "P_1": 0.0
    },
    "11": {
        "map": 0.0021413276231263384,
        "P_1": 0.0
    },
    "12": {
        "map": 0.0011061946902654867,
        "P_1": 0.0
    },
    "13": {
        "map": 0.0136986301369863,
        "P_1": 0.0
    },
    "14": {
        "map": 0.0022935779816513763,
        "P_1": 0.0
    },
    "15": {
        "map": 0.006993006993006993,
        "P_1": 0.0
    },
    "16": {
        "map": 0.0010193679918450561,
        "P_1": 0.0
    },
    "17": {
        "map": 0.0012406947890818859,
        "P_1": 0.0
    },
    "18": {
        "map": 0.0056179775280898875,
        "P_1": 0.0
    },
    "19": {
        "map": 0.0010482180293501049,
        "P_1": 0.0
    },
    "2": {
        "map": 0.0011668611435239206,
        "P_1": 0.0
    },
    "3": {
        "map": 0.0012239902080783353,
        "P_1": 0.0
    },
    "4": {
        "map": 0.004608294930875576,
        "P_1": 0.0
    },
    "5": {
        "map": 0.002506265664160401,
        "P_1": 0.0
    },
    "6": {
        "map": 0.0010080645161290322,
        "P_1": 0.0
    },
    "7": {
        "map": 0.0010449320794148381,
        "P_1": 0.0
    },
    "8": {
        "map": 0.007042253521126761,
        "P_1": 0.0
    },
    "9": {
        "map": 0.0011025358324145535,
        "P_1": 0.0
    }
}