{
    "0": {
        "map": 0.0024096385542168677,
        "P_1": 0.0
    },
    "1": {
        "map": 0.001851851851851852,
        "P_1": 0.0
    },
    "10": {
        "map": 0.004629629629629629,
        "P_1": 0.0
    },
    "11": {
        "map": 0.0011013215859030838,
        "P_1": 0.0
    },
    "12": {
        "map": 0.0012610340479192938,
        "P_1": 0.0
    },
    "13": {
        "map": 0.008,
        "P_1": 0.0
    },
    "14": {
        "map": 0.001288659793814433,
        "P_1": 0.0
    },
    "15": {
        "map": 0.04,
        "P_1": 0.0
    },
    "16": {
        "map": 0.001177856301531213,
        "P_1": 0.0
    },
    "17": {
        "map": 0.0010131712259371835,
        "P_1": 0.0
    },
    "18": {
        "map": 0.0036101083032490976,
        "P_1": 0.0
    },
    "19": {
        "map": 0.0012674271229404308,
        "P_1": 0.0
    },
    "2": {
        "map": 0.001201923076923077,
        "P_1": 0.0
    },
    "3": {
        "map": 0.0014044943820224719,
        "P_1": 0.0
    },
    "4": {
        "map": 0.005405405405405406,
        "P_1": 0.0
    },
    "5": {
        "map": 0.0017825311942959,
        "P_1": 0.0
    },
    "6": {
        "map": 0.0010548523206751054,
        "P_1": 0.0
    },
    "7": {
        "map": 0.0010351966873706005,
        "P_1": 0.0
    },
    "8": {
        "map": 0.008771929824561403,
        "P_1": 0.0
    },
    "9": {
        "map": 0.0010438413361169101,
        "P_1": 0.0
    }
}