{
    "0": {
        "map": 0.002638522427440633,
        "P_1": 0.0
    },
    "1": {
        "map": 0.0016611295681063123,
        "P_1": 0.0
    },
    "10": {
        "map": 0.004545454545454545,
        "P_1": 0.0
    },
    "11": {
        "map": 0.001037344398340249,
        "P_1": 0.0
    },
    "12": {
        "map": 0.0012468827930174563,
        "P_1": 0.0
    },
    "13": {
        "map": 0.009615384615384616,
        "P_1": 0.0
    },
    "14": {
        "map": 0.0011160714285714285,
        "P_1": 0.0
    },
    "15": {
        "map": 0.010309278350515464,
        "P_1": 0.0
    },
    "16": {
        "map": 0.0011494252873563218,
        "P_1": 0.0
    },
    "17": {
        "map": 0.0010111223458038423,
        "P_1": 0.0
    },
    "18": {
        "map": 0.003215434083601286,
        "P_1": 0.0
    },
    "19": {
        "map": 0.001152073732718894,
        "P_1": 0.0
    },
    "2": {
        "map": 0.0011918951132300357,
        "P_1": 0.0
    },
    "3": {
        "map": 0.0014534883720930232,
        "P_1": 0.0
    },
    "4": {
        "map": 0.008,
        "P_1": 0.0
    },
    "5": {
        "map": 0.001451378809869376,
        "P_1": 0.0
    },
    "6": {
        "map": 0.001053740779768177,
        "P_1": 0.0
    },
    "7": {
        "map": 0.0010604453870625664,
        "P_1": 0.0
    },
    "8": {
        "map": 0.0064516129032258064,
        "P_1": 0.0
    },
    "9": {
        "map": 0.0010438413361169101,
        "P_1": 0.0
    }
}