{
    "0": {
        "map": 0.25,
        "P_1": 0.0,
        "recall_10": 1.0
    },
    "1": {
        "map": 0.3333333333333333,
        "P_1": 0.0,
        "recall_10": 1.0
    },
    "2": {
        "map": 0.1,
        "P_1": 0.0,
        "recall_10": 1.0
    },
    "3": {
        "map": 1.0,
        "P_1": 1.0,
        "recall_10": 1.0
    },
    "4": {
        "map": 0.2,
        "P_1": 0.0,
        "recall_10": 1.0
    },
    "5": {
        "map": 0.3333333333333333,
        "P_1": 0.0,
        "recall_10": 1.0
    },
    "6": {
        "map": 0.1,
        "P_1": 0.0,
        "recall_10": 1.0
    },
    "7": {
        "map": 0.5,
        "P_1": 0.0,
        "recall_10": 1.0
    },
    "8": {
        "map": 0.14285714285714285,
        "P_1": 0.0,
        "recall_10": 1.0
    },
    "9": {
        "map": 0.14285714285714285,
        "P_1": 0.0,
        "recall_10": 1.0
    }
}