{
    "0": {
        "map": 0.0024096385542168677,
        "P_1": 0.0
    },
    "1": {
        "map": 0.001851851851851852,
        "P_1": 0.0
    },
    "2": {
        "map": 0.001201923076923077,
        "P_1": 0.0
    },
    "3": {
        "map": 0.0014044943820224719,
        "P_1": 0.0
    },
    "4": {
        "map": 0.005405405405405406,
        "P_1": 0.0
    },
    "5": {
        "map": 0.0017825311942959,
        "P_1": 0.0
    },
    "6": {
        "map": 0.0010548523206751054,
        "P_1": 0.0
    },
    "7": {
        "map": 0.0010351966873706005,
        "P_1": 0.0
    },
    "8": {
        "map": 0.008771929824561403,
        "P_1": 0.0
    },
    "9": {
        "map": 0.0010438413361169101,
        "P_1": 0.0
    }
}