{
    "0": {
        "map": 0.002044989775051125,
        "P_1": 0.0
    },
    "1": {
        "map": 0.0015432098765432098,
        "P_1": 0.0
    },
    "2": {
        "map": 0.001226993865030675,
        "P_1": 0.0
    },
    "3": {
        "map": 0.0011806375442739079,
        "P_1": 0.0
    },
    "4": {
        "map": 0.0049504950495049506,
        "P_1": 0.0
    },
    "5": {
        "map": 0.011494252873563218,
        "P_1": 0.0
    },
    "6": {
        "map": 0.0010070493454179255,
        "P_1": 0.0
    },
    "7": {
        "map": 0.0010460251046025104,
        "P_1": 0.0
    },
    "8": {
        "map": 0.007407407407407408,
        "P_1": 0.0
    },
    "9": {
        "map": 0.0011001100110011,
        "P_1": 0.0
    }
}