{
    "0": {
        "map": 0.0025188916876574307,
        "P_1": 0.0
    },
    "1": {
        "map": 0.001557632398753894,
        "P_1": 0.0
    },
    "2": {
        "map": 0.0011534025374855825,
        "P_1": 0.0
    },
    "3": {
        "map": 0.0012578616352201257,
        "P_1": 0.0
    },
    "4": {
        "map": 0.007518796992481203,
        "P_1": 0.0
    },
    "5": {
        "map": 0.0030303030303030303,
        "P_1": 0.0
    },
    "6": {
        "map": 0.0010351966873706005,
        "P_1": 0.0
    },
    "7": {
        "map": 0.001053740779768177,
        "P_1": 0.0
    },
    "8": {
        "map": 0.008,
        "P_1": 0.0
    },
    "9": {
        "map": 0.0011111111111111111,
        "P_1": 0.0
    }
}