{
    "0": {
        "map": 0.003952569169960474,
        "P_1": 0.0
    },
    "1": {
        "map": 0.0013245033112582781,
        "P_1": 0.0
    },
    "2": {
        "map": 0.0012254901960784314,
        "P_1": 0.0
    },
    "3": {
        "map": 0.0017331022530329288,
        "P_1": 0.0
    },
    "4": {
        "map": 0.009174311926605505,
        "P_1": 0.0
    },
    "5": {
        "map": 0.001692047377326565,
        "P_1": 0.0
    },
    "6": {
        "map": 0.001098901098901099,
        "P_1": 0.0
    },
    "7": {
        "map": 0.0010384215991692627,
        "P_1": 0.0
    },
    "8": {
        "map": 0.004830917874396135,
        "P_1": 0.0
    },
    "9": {
        "map": 0.001059322033898305,
        "P_1": 0.0
    }
}