{
    "0": {
        "map": 0.002403846153846154,
        "P_1": 0.0
    },
    "1": {
        "map": 0.0018148820326678765,
        "P_1": 0.0
    },
    "2": {
        "map": 0.0011806375442739079,
        "P_1": 0.0
    },
    "3": {
        "map": 0.0012254901960784314,
        "P_1": 0.0
    },
    "4": {
        "map": 0.00510204081632653,
        "P_1": 0.0
    },
    "5": {
        "map": 0.002544529262086514,
        "P_1": 0.0
    },
    "6": {
        "map": 0.0010080645161290322,
        "P_1": 0.0
    },
    "7": {
        "map": 0.0010449320794148381,
        "P_1": 0.0
    },
    "8": {
        "map": 0.008403361344537815,
        "P_1": 0.0
    },
    "9": {
        "map": 0.001091703056768559,
        "P_1": 0.0
    }
}