{
    "0": {
        "map": 0.006993006993006993,
        "P_1": 0.0
    },
    "1": {
        "map": 0.0010330578512396695,
        "P_1": 0.0
    },
    "2": {
        "map": 0.002551020408163265,
        "P_1": 0.0
    },
    "3": {
        "map": 0.027777777777777776,
        "P_1": 0.0
    },
    "4": {
        "map": 0.015151515151515152,
        "P_1": 0.0
    },
    "5": {
        "map": 0.005714285714285714,
        "P_1": 0.0
    },
    "6": {
        "map": 0.0010845986984815619,
        "P_1": 0.0
    },
    "7": {
        "map": 0.0011273957158962795,
        "P_1": 0.0
    },
    "8": {
        "map": 0.007407407407407408,
        "P_1": 0.0
    },
    "9": {
        "map": 0.0012755102040816326,
        "P_1": 0.0
    }
}