{
    "0": {
        "map": 0.002638522427440633,
        "P_1": 0.0
    },
    "1": {
        "map": 0.0016611295681063123,
        "P_1": 0.0
    },
    "2": {
        "map": 0.0011918951132300357,
        "P_1": 0.0
    },
    "3": {
        "map": 0.0014534883720930232,
        "P_1": 0.0
    },
    "4": {
        "map": 0.008,
        "P_1": 0.0
    },
    "5": {
        "map": 0.001451378809869376,
        "P_1": 0.0
    },
    "6": {
        "map": 0.001053740779768177,
        "P_1": 0.0
    },
    "7": {
        "map": 0.0010604453870625664,
        "P_1": 0.0
    },
    "8": {
        "map": 0.0064516129032258064,
        "P_1": 0.0
    },
    "9": {
        "map": 0.0010438413361169101,
        "P_1": 0.0
    }
}