{
    "0": {
        "map": 0.002105263157894737,
        "P_1": 0.0
    },
    "1": {
        "map": 0.001557632398753894,
        "P_1": 0.0
    },
    "2": {
        "map": 0.001221001221001221,
        "P_1": 0.0
    },
    "3": {
        "map": 0.0012165450121654502,
        "P_1": 0.0
    },
    "4": {
        "map": 0.004405286343612335,
        "P_1": 0.0
    },
    "5": {
        "map": 0.004545454545454545,
        "P_1": 0.0
    },
    "6": {
        "map": 0.0010070493454179255,
        "P_1": 0.0
    },
    "7": {
        "map": 0.0010482180293501049,
        "P_1": 0.0
    },
    "8": {
        "map": 0.0070921985815602835,
        "P_1": 0.0
    },
    "9": {
        "map": 0.0011185682326621924,
        "P_1": 0.0
    }
}