{
    "0": {
        "map": 0.0023752969121140144,
        "P_1": 0.0
    },
    "1": {
        "map": 0.001763668430335097,
        "P_1": 0.0
    },
    "2": {
        "map": 0.0011668611435239206,
        "P_1": 0.0
    },
    "3": {
        "map": 0.0012239902080783353,
        "P_1": 0.0
    },
    "4": {
        "map": 0.004608294930875576,
        "P_1": 0.0
    },
    "5": {
        "map": 0.002506265664160401,
        "P_1": 0.0
    },
    "6": {
        "map": 0.0010080645161290322,
        "P_1": 0.0
    },
    "7": {
        "map": 0.0010449320794148381,
        "P_1": 0.0
    },
    "8": {
        "map": 0.007042253521126761,
        "P_1": 0.0
    },
    "9": {
        "map": 0.0011025358324145535,
        "P_1": 0.0
    }
}