{
    "0": {
        "map": 0.0034965034965034965,
        "P_1": 0.0
    },
    "1": {
        "map": 0.001564945226917058,
        "P_1": 0.0
    },
    "2": {
        "map": 0.0011402508551881414,
        "P_1": 0.0
    },
    "3": {
        "map": 0.0012165450121654502,
        "P_1": 0.0
    },
    "4": {
        "map": 0.006134969325153374,
        "P_1": 0.0
    },
    "5": {
        "map": 0.0026246719160104987,
        "P_1": 0.0
    },
    "6": {
        "map": 0.0010245901639344263,
        "P_1": 0.0
    },
    "7": {
        "map": 0.0010449320794148381,
        "P_1": 0.0
    },
    "8": {
        "map": 0.009009009009009009,
        "P_1": 0.0
    },
    "9": {
        "map": 0.0010834236186348862,
        "P_1": 0.0
    }
}