{
    "0": {
        "map": 0.011235955056179775,
        "P_1": 0.0
    },
    "1": {
        "map": 0.001610305958132045,
        "P_1": 0.0
    },
    "10": {
        "map": 0.0016129032258064516,
        "P_1": 0.0
    },
    "11": {
        "map": 0.0013386880856760374,
        "P_1": 0.0
    },
    "12": {
        "map": 0.0014204545454545455,
        "P_1": 0.0
    },
    "13": {
        "map": 0.006993006993006993,
        "P_1": 0.0
    },
    "14": {
        "map": 0.002352941176470588,
        "P_1": 0.0
    },
    "15": {
        "map": 0.025,
        "P_1": 0.0
    },
    "16": {
        "map": 0.0010351966873706005,
        "P_1": 0.0
    },
    "17": {
        "map": 0.002777777777777778,
        "P_1": 0.0
    },
    "18": {
        "map": 0.0015432098765432098,
        "P_1": 0.0
    },
    "19": {
        "map": 0.0011389521640091116,
        "P_1": 0.0
    },
    "2": {
        "map": 0.010309278350515464,
        "P_1": 0.0
    },
    "3": {
        "map": 0.017241379310344827,
        "P_1": 0.0
    },
    "4": {
        "map": 0.004329004329004329,
        "P_1": 0.0
    },
    "5": {
        "map": 0.16666666666666666,
        "P_1": 0.0
    },
    "6": {
        "map": 0.002386634844868735,
        "P_1": 0.0
    },
    "7": {
        "map": 0.0011862396204033216,
        "P_1": 0.0
    },
    "8": {
        "map": 0.005780346820809248,
        "P_1": 0.0
    },
    "9": {
        "map": 0.0012626262626262627,
        "P_1": 0.0
    }
}