{
    "0": {
        "map": 0.010309278350515464,
        "P_1": 0.0
    },
    "1": {
        "map": 0.001092896174863388,
        "P_1": 0.0
    },
    "10": {
        "map": 0.0024390243902439024,
        "P_1": 0.0
    },
    "11": {
        "map": 0.001183431952662722,
        "P_1": 0.0
    },
    "12": {
        "map": 0.002183406113537118,
        "P_1": 0.0
    },
    "13": {
        "map": 0.007692307692307693,
        "P_1": 0.0
    },
    "14": {
        "map": 0.004016064257028112,
        "P_1": 0.0
    },
    "15": {
        "map": 0.041666666666666664,
        "P_1": 0.0
    },
    "16": {
        "map": 0.0010395010395010396,
        "P_1": 0.0
    },
    "17": {
        "map": 0.0018018018018018018,
        "P_1": 0.0
    },
    "18": {
        "map": 0.00130718954248366,
        "P_1": 0.0
    },
    "19": {
        "map": 0.001282051282051282,
        "P_1": 0.0
    },
    "2": {
        "map": 0.0024875621890547263,
        "P_1": 0.0
    },
    "3": {
        "map": 0.016666666666666666,
        "P_1": 0.0
    },
    "4": {
        "map": 0.003389830508474576,
        "P_1": 0.0
    },
    "5": {
        "map": 0.09090909090909091,
        "P_1": 0.0
    },
    "6": {
        "map": 0.0030864197530864196,
        "P_1": 0.0
    },
    "7": {
        "map": 0.001288659793814433,
        "P_1": 0.0
    },
    "8": {
        "map": 0.02127659574468085,
        "P_1": 0.0
    },
    "9": {
        "map": 0.0010395010395010396,
        "P_1": 0.0
    }
}