{
    "0": {
        "map": 0.010869565217391304,
        "P_1": 0.0
    },
    "1": {
        "map": 0.0010638297872340426,
        "P_1": 0.0
    },
    "10": {
        "map": 0.003236245954692557,
        "P_1": 0.0
    },
    "11": {
        "map": 0.0012437810945273632,
        "P_1": 0.0
    },
    "12": {
        "map": 0.0015873015873015873,
        "P_1": 0.0
    },
    "13": {
        "map": 0.005555555555555556,
        "P_1": 0.0
    },
    "14": {
        "map": 0.006024096385542169,
        "P_1": 0.0
    },
    "15": {
        "map": 0.022727272727272728,
        "P_1": 0.0
    },
    "16": {
        "map": 0.0010449320794148381,
        "P_1": 0.0
    },
    "17": {
        "map": 0.0019723865877712033,
        "P_1": 0.0
    },
    "18": {
        "map": 0.0013986013986013986,
        "P_1": 0.0
    },
    "19": {
        "map": 0.0011273957158962795,
        "P_1": 0.0
    },
    "2": {
        "map": 0.002457002457002457,
        "P_1": 0.0
    },
    "3": {
        "map": 0.018518518518518517,
        "P_1": 0.0
    },
    "4": {
        "map": 0.005,
        "P_1": 0.0
    },
    "5": {
        "map": 0.125,
        "P_1": 0.0
    },
    "6": {
        "map": 0.0010235414534288639,
        "P_1": 0.0
    },
    "7": {
        "map": 0.0015151515151515152,
        "P_1": 0.0
    },
    "8": {
        "map": 0.02040816326530612,
        "P_1": 0.0
    },
    "9": {
        "map": 0.0010224948875255625,
        "P_1": 0.0
    }
}