{
    "0": {
        "map": 0.007352941176470588,
        "P_1": 0.0
    },
    "1": {
        "map": 0.0014814814814814814,
        "P_1": 0.0
    },
    "10": {
        "map": 0.001736111111111111,
        "P_1": 0.0
    },
    "11": {
        "map": 0.0024630541871921183,
        "P_1": 0.0
    },
    "12": {
        "map": 0.001326259946949602,
        "P_1": 0.0
    },
    "13": {
        "map": 0.006134969325153374,
        "P_1": 0.0
    },
    "14": {
        "map": 0.002008032128514056,
        "P_1": 0.0
    },
    "15": {
        "map": 0.043478260869565216,
        "P_1": 0.0
    },
    "16": {
        "map": 0.0010309278350515464,
        "P_1": 0.0
    },
    "17": {
        "map": 0.027777777777777776,
        "P_1": 0.0
    },
    "18": {
        "map": 0.001455604075691412,
        "P_1": 0.0
    },
    "19": {
        "map": 0.0011061946902654867,
        "P_1": 0.0
    },
    "2": {
        "map": 0.003389830508474576,
        "P_1": 0.0
    },
    "3": {
        "map": 0.013157894736842105,
        "P_1": 0.0
    },
    "4": {
        "map": 0.0035971223021582736,
        "P_1": 0.0
    },
    "5": {
        "map": 0.14285714285714285,
        "P_1": 0.0
    },
    "6": {
        "map": 0.004219409282700422,
        "P_1": 0.0
    },
    "7": {
        "map": 0.0011148272017837235,
        "P_1": 0.0
    },
    "8": {
        "map": 0.011764705882352941,
        "P_1": 0.0
    },
    "9": {
        "map": 0.0011641443538998836,
        "P_1": 0.0
    }
}