{
    "0": {
        "map": 0.009708737864077669,
        "P_1": 0.0
    },
    "1": {
        "map": 0.0016474464579901153,
        "P_1": 0.0
    },
    "10": {
        "map": 0.0018148820326678765,
        "P_1": 0.0
    },
    "11": {
        "map": 0.0022026431718061676,
        "P_1": 0.0
    },
    "12": {
        "map": 0.0014084507042253522,
        "P_1": 0.0
    },
    "13": {
        "map": 0.005555555555555556,
        "P_1": 0.0
    },
    "14": {
        "map": 0.0024330900243309003,
        "P_1": 0.0
    },
    "15": {
        "map": 0.025,
        "P_1": 0.0
    },
    "16": {
        "map": 0.0010362694300518134,
        "P_1": 0.0
    },
    "17": {
        "map": 0.005649717514124294,
        "P_1": 0.0
    },
    "18": {
        "map": 0.001564945226917058,
        "P_1": 0.0
    },
    "19": {
        "map": 0.0010976948408342481,
        "P_1": 0.0
    },
    "2": {
        "map": 0.006493506493506494,
        "P_1": 0.0
    },
    "3": {
        "map": 0.013513513513513514,
        "P_1": 0.0
    },
    "4": {
        "map": 0.00398406374501992,
        "P_1": 0.0
    },
    "5": {
        "map": 0.16666666666666666,
        "P_1": 0.0
    },
    "6": {
        "map": 0.0025188916876574307,
        "P_1": 0.0
    },
    "7": {
        "map": 0.0011261261261261261,
        "P_1": 0.0
    },
    "8": {
        "map": 0.007518796992481203,
        "P_1": 0.0
    },
    "9": {
        "map": 0.0012376237623762376,
        "P_1": 0.0
    }
}