{
    "0": {
        "map": 0.009523809523809525,
        "P_1": 0.0
    },
    "1": {
        "map": 0.0010787486515641855,
        "P_1": 0.0
    },
    "10": {
        "map": 0.0018832391713747645,
        "P_1": 0.0
    },
    "11": {
        "map": 0.0013623978201634877,
        "P_1": 0.0
    },
    "12": {
        "map": 0.0018315018315018315,
        "P_1": 0.0
    },
    "13": {
        "map": 0.0070921985815602835,
        "P_1": 0.0
    },
    "14": {
        "map": 0.0036363636363636364,
        "P_1": 0.0
    },
    "15": {
        "map": 0.034482758620689655,
        "P_1": 0.0
    },
    "16": {
        "map": 0.0010395010395010396,
        "P_1": 0.0
    },
    "17": {
        "map": 0.005208333333333333,
        "P_1": 0.0
    },
    "18": {
        "map": 0.0012254901960784314,
        "P_1": 0.0
    },
    "19": {
        "map": 0.0012484394506866417,
        "P_1": 0.0
    },
    "2": {
        "map": 0.009345794392523364,
        "P_1": 0.0
    },
    "3": {
        "map": 0.017857142857142856,
        "P_1": 0.0
    },
    "4": {
        "map": 0.0035842293906810036,
        "P_1": 0.0
    },
    "5": {
        "map": 0.058823529411764705,
        "P_1": 0.0
    },
    "6": {
        "map": 0.0037593984962406013,
        "P_1": 0.0
    },
    "7": {
        "map": 0.0012642225031605564,
        "P_1": 0.0
    },
    "8": {
        "map": 0.011111111111111112,
        "P_1": 0.0
    },
    "9": {
        "map": 0.001579778830963665,
        "P_1": 0.0
    }
}