{
    "0": {
        "map": 0.007575757575757576,
        "P_1": 0.0
    },
    "1": {
        "map": 0.0015267175572519084,
        "P_1": 0.0
    },
    "10": {
        "map": 0.0018552875695732839,
        "P_1": 0.0
    },
    "11": {
        "map": 0.00211864406779661,
        "P_1": 0.0
    },
    "12": {
        "map": 0.0013440860215053765,
        "P_1": 0.0
    },
    "13": {
        "map": 0.0053475935828877,
        "P_1": 0.0
    },
    "14": {
        "map": 0.002336448598130841,
        "P_1": 0.0
    },
    "15": {
        "map": 0.02857142857142857,
        "P_1": 0.0
    },
    "16": {
        "map": 0.0010351966873706005,
        "P_1": 0.0
    },
    "17": {
        "map": 0.013157894736842105,
        "P_1": 0.0
    },
    "18": {
        "map": 0.0015455950540958269,
        "P_1": 0.0
    },
    "19": {
        "map": 0.001095290251916758,
        "P_1": 0.0
    },
    "2": {
        "map": 0.004366812227074236,
        "P_1": 0.0
    },
    "3": {
        "map": 0.012987012987012988,
        "P_1": 0.0
    },
    "4": {
        "map": 0.004273504273504274,
        "P_1": 0.0
    },
    "5": {
        "map": 0.14285714285714285,
        "P_1": 0.0
    },
    "6": {
        "map": 0.004273504273504274,
        "P_1": 0.0
    },
    "7": {
        "map": 0.0011261261261261261,
        "P_1": 0.0
    },
    "8": {
        "map": 0.010752688172043012,
        "P_1": 0.0
    },
    "9": {
        "map": 0.0012376237623762376,
        "P_1": 0.0
    }
}