{
    "0": {
        "map": 0.0016611295681063123,
        "P_1": 0.0
    },
    "1": {
        "map": 0.0025906735751295338,
        "P_1": 0.0
    },
    "2": {
        "map": 0.0015552099533437014,
        "P_1": 0.0
    },
    "3": {
        "map": 0.05555555555555555,
        "P_1": 0.0
    },
    "4": {
        "map": 0.005917159763313609,
        "P_1": 0.0
    },
    "5": {
        "map": 0.0012091898428053204,
        "P_1": 0.0
    },
    "6": {
        "map": 0.001379310344827586,
        "P_1": 0.0
    },
    "7": {
        "map": 0.001053740779768177,
        "P_1": 0.0
    },
    "8": {
        "map": 0.045454545454545456,
        "P_1": 0.0
    },
    "9": {
        "map": 0.001392757660167131,
        "P_1": 0.0
    }
}