{
    "0": {
        "map": 0.09090909090909091,
        "P_1": 0.0
    },
    "1": {
        "map": 0.0038022813688212928,
        "P_1": 0.0
    },
    "2": {
        "map": 0.005291005291005291,
        "P_1": 0.0
    },
    "3": {
        "map": 0.022727272727272728,
        "P_1": 0.0
    },
    "4": {
        "map": 0.002336448598130841,
        "P_1": 0.0
    },
    "5": {
        "map": 0.0013458950201884253,
        "P_1": 0.0
    },
    "6": {
        "map": 0.0013404825737265416,
        "P_1": 0.0
    },
    "7": {
        "map": 0.0010050251256281408,
        "P_1": 0.0
    },
    "8": {
        "map": 0.022727272727272728,
        "P_1": 0.0
    },
    "9": {
        "map": 0.0016501650165016502,
        "P_1": 0.0
    }
}