{
    "0": {
        "map": 0.001440922190201729,
        "P_1": 0.0
    },
    "1": {
        "map": 0.0032679738562091504,
        "P_1": 0.0
    },
    "2": {
        "map": 0.007518796992481203,
        "P_1": 0.0
    },
    "3": {
        "map": 0.02040816326530612,
        "P_1": 0.0
    },
    "4": {
        "map": 0.0031446540880503146,
        "P_1": 0.0
    },
    "5": {
        "map": 0.0012706480304955528,
        "P_1": 0.0
    },
    "6": {
        "map": 0.001375515818431912,
        "P_1": 0.0
    },
    "7": {
        "map": 0.0010050251256281408,
        "P_1": 0.0
    },
    "8": {
        "map": 0.02127659574468085,
        "P_1": 0.0
    },
    "9": {
        "map": 0.0022222222222222222,
        "P_1": 0.0
    }
}