{
    "0": {
        "map": 0.0016666666666666668,
        "P_1": 0.0
    },
    "1": {
        "map": 0.0033112582781456954,
        "P_1": 0.0
    },
    "2": {
        "map": 0.001277139208173691,
        "P_1": 0.0
    },
    "3": {
        "map": 0.09090909090909091,
        "P_1": 0.0
    },
    "4": {
        "map": 0.006211180124223602,
        "P_1": 0.0
    },
    "5": {
        "map": 0.0012468827930174563,
        "P_1": 0.0
    },
    "6": {
        "map": 0.0013831258644536654,
        "P_1": 0.0
    },
    "7": {
        "map": 0.0011441647597254005,
        "P_1": 0.0
    },
    "8": {
        "map": 0.01,
        "P_1": 0.0
    },
    "9": {
        "map": 0.0014285714285714286,
        "P_1": 0.0
    }
}