{
    "0": {
        "map": 0.0015455950540958269,
        "P_1": 0.0
    },
    "1": {
        "map": 0.003401360544217687,
        "P_1": 0.0
    },
    "2": {
        "map": 0.008547008547008548,
        "P_1": 0.0
    },
    "3": {
        "map": 0.043478260869565216,
        "P_1": 0.0
    },
    "4": {
        "map": 0.0036900369003690036,
        "P_1": 0.0
    },
    "5": {
        "map": 0.0011862396204033216,
        "P_1": 0.0
    },
    "6": {
        "map": 0.0013297872340425532,
        "P_1": 0.0
    },
    "7": {
        "map": 0.0010183299389002036,
        "P_1": 0.0
    },
    "8": {
        "map": 0.02040816326530612,
        "P_1": 0.0
    },
    "9": {
        "map": 0.0019157088122605363,
        "P_1": 0.0
    }
}