{
    "0": {
        "map": 0.010309278350515464,
        "P_1": 0.0
    },
    "1": {
        "map": 0.003787878787878788,
        "P_1": 0.0
    },
    "2": {
        "map": 0.004807692307692308,
        "P_1": 0.0
    },
    "3": {
        "map": 0.030303030303030304,
        "P_1": 0.0
    },
    "4": {
        "map": 0.00199203187250996,
        "P_1": 0.0
    },
    "5": {
        "map": 0.0013245033112582781,
        "P_1": 0.0
    },
    "6": {
        "map": 0.0013245033112582781,
        "P_1": 0.0
    },
    "7": {
        "map": 0.00101010101010101,
        "P_1": 0.0
    },
    "8": {
        "map": 0.037037037037037035,
        "P_1": 0.0
    },
    "9": {
        "map": 0.0015503875968992248,
        "P_1": 0.0
    }
}