{
    "0": {
        "map": 0.0015037593984962407,
        "P_1": 0.0
    },
    "1": {
        "map": 0.0033112582781456954,
        "P_1": 0.0
    },
    "2": {
        "map": 0.007692307692307693,
        "P_1": 0.0
    },
    "3": {
        "map": 0.017241379310344827,
        "P_1": 0.0
    },
    "4": {
        "map": 0.003205128205128205,
        "P_1": 0.0
    },
    "5": {
        "map": 0.00125,
        "P_1": 0.0
    },
    "6": {
        "map": 0.0012626262626262627,
        "P_1": 0.0
    },
    "7": {
        "map": 0.0010090817356205853,
        "P_1": 0.0
    },
    "8": {
        "map": 0.020833333333333332,
        "P_1": 0.0
    },
    "9": {
        "map": 0.002336448598130841,
        "P_1": 0.0
    }
}