{
    "0": {
        "map": 0.02857142857142857,
        "P_1": 0.0
    },
    "1": {
        "map": 0.0032258064516129032,
        "P_1": 0.0
    },
    "2": {
        "map": 0.006711409395973154,
        "P_1": 0.0
    },
    "3": {
        "map": 0.0196078431372549,
        "P_1": 0.0
    },
    "4": {
        "map": 0.003105590062111801,
        "P_1": 0.0
    },
    "5": {
        "map": 0.001226993865030675,
        "P_1": 0.0
    },
    "6": {
        "map": 0.0013550135501355014,
        "P_1": 0.0
    },
    "7": {
        "map": 0.0010050251256281408,
        "P_1": 0.0
    },
    "8": {
        "map": 0.02127659574468085,
        "P_1": 0.0
    },
    "9": {
        "map": 0.0016750418760469012,
        "P_1": 0.0
    }
}