{
    "0": {
        "map": 0.09090909090909091,
        "P_1": 0.0
    },
    "1": {
        "map": 0.004694835680751174,
        "P_1": 0.0
    },
    "2": {
        "map": 0.006622516556291391,
        "P_1": 0.0
    },
    "3": {
        "map": 0.022222222222222223,
        "P_1": 0.0
    },
    "4": {
        "map": 0.002680965147453083,
        "P_1": 0.0
    },
    "5": {
        "map": 0.0012422360248447205,
        "P_1": 0.0
    },
    "6": {
        "map": 0.0013698630136986301,
        "P_1": 0.0
    },
    "7": {
        "map": 0.001006036217303823,
        "P_1": 0.0
    },
    "8": {
        "map": 0.023255813953488372,
        "P_1": 0.0
    },
    "9": {
        "map": 0.0016750418760469012,
        "P_1": 0.0
    }
}