{
    "0": {
        "map": 0.0625,
        "P_1": 0.0
    },
    "1": {
        "map": 0.0012077294685990338,
        "P_1": 0.0
    },
    "2": {
        "map": 0.014285714285714285,
        "P_1": 0.0
    },
    "3": {
        "map": 0.004219409282700422,
        "P_1": 0.0
    },
    "4": {
        "map": 0.018867924528301886,
        "P_1": 0.0
    },
    "5": {
        "map": 0.0024449877750611247,
        "P_1": 0.0
    },
    "6": {
        "map": 0.01,
        "P_1": 0.0
    },
    "7": {
        "map": 0.001303780964797914,
        "P_1": 0.0
    },
    "8": {
        "map": 0.0012484394506866417,
        "P_1": 0.0
    },
    "9": {
        "map": 0.0012091898428053204,
        "P_1": 0.0
    }
}