{
    "0": {
        "map": 0.5,
        "P_1": 0.0
    },
    "1": {
        "map": 0.0015772870662460567,
        "P_1": 0.0
    },
    "2": {
        "map": 0.0125,
        "P_1": 0.0
    },
    "3": {
        "map": 0.002325581395348837,
        "P_1": 0.0
    },
    "4": {
        "map": 0.01282051282051282,
        "P_1": 0.0
    },
    "5": {
        "map": 0.001349527665317139,
        "P_1": 0.0
    },
    "6": {
        "map": 0.041666666666666664,
        "P_1": 0.0
    },
    "7": {
        "map": 0.003676470588235294,
        "P_1": 0.0
    },
    "8": {
        "map": 0.0012033694344163659,
        "P_1": 0.0
    },
    "9": {
        "map": 0.0012285012285012285,
        "P_1": 0.0
    }
}