{
    "0": {
        "map": 0.058823529411764705,
        "P_1": 0.0
    },
    "1": {
        "map": 0.0017035775127768314,
        "P_1": 0.0
    },
    "2": {
        "map": 0.01282051282051282,
        "P_1": 0.0
    },
    "3": {
        "map": 0.004149377593360996,
        "P_1": 0.0
    },
    "4": {
        "map": 0.027777777777777776,
        "P_1": 0.0
    },
    "5": {
        "map": 0.002127659574468085,
        "P_1": 0.0
    },
    "6": {
        "map": 0.007874015748031496,
        "P_1": 0.0
    },
    "7": {
        "map": 0.003861003861003861,
        "P_1": 0.0
    },
    "8": {
        "map": 0.0012033694344163659,
        "P_1": 0.0
    },
    "9": {
        "map": 0.0012391573729863693,
        "P_1": 0.0
    }
}