{
    "0": {
        "map": 0.09090909090909091,
        "P_1": 0.0
    },
    "1": {
        "map": 0.002070393374741201,
        "P_1": 0.0
    },
    "2": {
        "map": 0.0136986301369863,
        "P_1": 0.0
    },
    "3": {
        "map": 0.004081632653061225,
        "P_1": 0.0
    },
    "4": {
        "map": 0.0053475935828877,
        "P_1": 0.0
    },
    "5": {
        "map": 0.0021691973969631237,
        "P_1": 0.0
    },
    "6": {
        "map": 0.009259259259259259,
        "P_1": 0.0
    },
    "7": {
        "map": 0.001303780964797914,
        "P_1": 0.0
    },
    "8": {
        "map": 0.0011273957158962795,
        "P_1": 0.0
    },
    "9": {
        "map": 0.0012004801920768306,
        "P_1": 0.0
    }
}