{
    "0": {
        "map": 0.016129032258064516,
        "P_1": 0.0
    },
    "1": {
        "map": 0.0017482517482517483,
        "P_1": 0.0
    },
    "2": {
        "map": 0.012987012987012988,
        "P_1": 0.0
    },
    "3": {
        "map": 0.00425531914893617,
        "P_1": 0.0
    },
    "4": {
        "map": 0.02857142857142857,
        "P_1": 0.0
    },
    "5": {
        "map": 0.002136752136752137,
        "P_1": 0.0
    },
    "6": {
        "map": 0.01639344262295082,
        "P_1": 0.0
    },
    "7": {
        "map": 0.00411522633744856,
        "P_1": 0.0
    },
    "8": {
        "map": 0.001091703056768559,
        "P_1": 0.0
    },
    "9": {
        "map": 0.0011173184357541898,
        "P_1": 0.0
    }
}