{
    "0": {
        "map": 0.14285714285714285,
        "P_1": 0.0
    },
    "1": {
        "map": 0.001221001221001221,
        "P_1": 0.0
    },
    "2": {
        "map": 0.02040816326530612,
        "P_1": 0.0
    },
    "3": {
        "map": 0.004405286343612335,
        "P_1": 0.0
    },
    "4": {
        "map": 0.011764705882352941,
        "P_1": 0.0
    },
    "5": {
        "map": 0.0021691973969631237,
        "P_1": 0.0
    },
    "6": {
        "map": 0.001841620626151013,
        "P_1": 0.0
    },
    "7": {
        "map": 0.0018975332068311196,
        "P_1": 0.0
    },
    "8": {
        "map": 0.0017953321364452424,
        "P_1": 0.0
    },
    "9": {
        "map": 0.0013386880856760374,
        "P_1": 0.0
    }
}