{
    "0": {
        "map": 0.05555555555555555,
        "P_1": 0.0
    },
    "1": {
        "map": 0.0015723270440251573,
        "P_1": 0.0
    },
    "2": {
        "map": 0.01282051282051282,
        "P_1": 0.0
    },
    "3": {
        "map": 0.0034602076124567475,
        "P_1": 0.0
    },
    "4": {
        "map": 0.017543859649122806,
        "P_1": 0.0
    },
    "5": {
        "map": 0.0020242914979757085,
        "P_1": 0.0
    },
    "6": {
        "map": 0.043478260869565216,
        "P_1": 0.0
    },
    "7": {
        "map": 0.003875968992248062,
        "P_1": 0.0
    },
    "8": {
        "map": 0.0012033694344163659,
        "P_1": 0.0
    },
    "9": {
        "map": 0.0012300123001230013,
        "P_1": 0.0
    }
}