{
    "0": {
        "map": 0.0196078431372549,
        "P_1": 0.0
    },
    "1": {
        "map": 0.002,
        "P_1": 0.0
    },
    "2": {
        "map": 0.0136986301369863,
        "P_1": 0.0
    },
    "3": {
        "map": 0.004310344827586207,
        "P_1": 0.0
    },
    "4": {
        "map": 0.02857142857142857,
        "P_1": 0.0
    },
    "5": {
        "map": 0.002197802197802198,
        "P_1": 0.0
    },
    "6": {
        "map": 0.016666666666666666,
        "P_1": 0.0
    },
    "7": {
        "map": 0.004098360655737705,
        "P_1": 0.0
    },
    "8": {
        "map": 0.0010787486515641855,
        "P_1": 0.0
    },
    "9": {
        "map": 0.0011261261261261261,
        "P_1": 0.0
    }
}