{
    "0": {
        "map": 0.2,
        "P_1": 0.0
    },
    "1": {
        "map": 0.0044444444444444444,
        "P_1": 0.0
    },
    "2": {
        "map": 0.012345679012345678,
        "P_1": 0.0
    },
    "3": {
        "map": 0.0023148148148148147,
        "P_1": 0.0
    },
    "4": {
        "map": 0.01282051282051282,
        "P_1": 0.0
    },
    "5": {
        "map": 0.0017152658662092624,
        "P_1": 0.0
    },
    "6": {
        "map": 0.04,
        "P_1": 0.0
    },
    "7": {
        "map": 0.015625,
        "P_1": 0.0
    },
    "8": {
        "map": 0.0012121212121212121,
        "P_1": 0.0
    },
    "9": {
        "map": 0.0012062726176115801,
        "P_1": 0.0
    }
}