{
    "0": {
        "map": 0.014285714285714285,
        "P_1": 0.0
    },
    "1": {
        "map": 0.0018975332068311196,
        "P_1": 0.0
    },
    "2": {
        "map": 0.0035211267605633804,
        "P_1": 0.0
    },
    "3": {
        "map": 0.004524886877828055,
        "P_1": 0.0
    },
    "4": {
        "map": 0.011494252873563218,
        "P_1": 0.0
    },
    "5": {
        "map": 0.0016750418760469012,
        "P_1": 0.0
    },
    "6": {
        "map": 0.001893939393939394,
        "P_1": 0.0
    },
    "7": {
        "map": 0.001594896331738437,
        "P_1": 0.0
    },
    "8": {
        "map": 0.005681818181818182,
        "P_1": 0.0
    },
    "9": {
        "map": 0.0017730496453900709,
        "P_1": 0.0
    }
}