{
    "0": {
        "map": 0.005714285714285714,
        "P_1": 0.0
    },
    "1": {
        "map": 0.001177856301531213,
        "P_1": 0.0
    },
    "2": {
        "map": 0.003816793893129771,
        "P_1": 0.0
    },
    "3": {
        "map": 0.004524886877828055,
        "P_1": 0.0
    },
    "4": {
        "map": 0.008849557522123894,
        "P_1": 0.0
    },
    "5": {
        "map": 0.001639344262295082,
        "P_1": 0.0
    },
    "6": {
        "map": 0.0019011406844106464,
        "P_1": 0.0
    },
    "7": {
        "map": 0.0018484288354898336,
        "P_1": 0.0
    },
    "8": {
        "map": 0.005025125628140704,
        "P_1": 0.0
    },
    "9": {
        "map": 0.0012315270935960591,
        "P_1": 0.0
    }
}