{
    "0": {
        "map": 0.013157894736842105,
        "P_1": 0.0
    },
    "1": {
        "map": 0.001199040767386091,
        "P_1": 0.0
    },
    "2": {
        "map": 0.003484320557491289,
        "P_1": 0.0
    },
    "3": {
        "map": 0.0045662100456621,
        "P_1": 0.0
    },
    "4": {
        "map": 0.010416666666666666,
        "P_1": 0.0
    },
    "5": {
        "map": 0.0016666666666666668,
        "P_1": 0.0
    },
    "6": {
        "map": 0.001937984496124031,
        "P_1": 0.0
    },
    "7": {
        "map": 0.0015923566878980893,
        "P_1": 0.0
    },
    "8": {
        "map": 0.005263157894736842,
        "P_1": 0.0
    },
    "9": {
        "map": 0.0015503875968992248,
        "P_1": 0.0
    }
}