{
    "0": {
        "map": 0.006493506493506494,
        "P_1": 0.0
    },
    "1": {
        "map": 0.0011389521640091116,
        "P_1": 0.0
    },
    "2": {
        "map": 0.012987012987012988,
        "P_1": 0.0
    },
    "3": {
        "map": 0.003968253968253968,
        "P_1": 0.0
    },
    "4": {
        "map": 0.0037174721189591076,
        "P_1": 0.0
    },
    "5": {
        "map": 0.002398081534772182,
        "P_1": 0.0
    },
    "6": {
        "map": 0.0019193857965451055,
        "P_1": 0.0
    },
    "7": {
        "map": 0.0018214936247723133,
        "P_1": 0.0
    },
    "8": {
        "map": 0.02702702702702703,
        "P_1": 0.0
    },
    "9": {
        "map": 0.001256281407035176,
        "P_1": 0.0
    }
}