{
    "0": {
        "map": 0.006369426751592357,
        "P_1": 0.0
    },
    "1": {
        "map": 0.001142857142857143,
        "P_1": 0.0
    },
    "2": {
        "map": 0.009900990099009901,
        "P_1": 0.0
    },
    "3": {
        "map": 0.006172839506172839,
        "P_1": 0.0
    },
    "4": {
        "map": 0.018867924528301886,
        "P_1": 0.0
    },
    "5": {
        "map": 0.001937984496124031,
        "P_1": 0.0
    },
    "6": {
        "map": 0.0019267822736030828,
        "P_1": 0.0
    },
    "7": {
        "map": 0.002824858757062147,
        "P_1": 0.0
    },
    "8": {
        "map": 0.02564102564102564,
        "P_1": 0.0
    },
    "9": {
        "map": 0.0012360939431396785,
        "P_1": 0.0
    }
}