{
    "0": {
        "map": 0.014705882352941176,
        "P_1": 0.0
    },
    "1": {
        "map": 0.0022727272727272726,
        "P_1": 0.0
    },
    "2": {
        "map": 0.003472222222222222,
        "P_1": 0.0
    },
    "3": {
        "map": 0.0043859649122807015,
        "P_1": 0.0
    },
    "4": {
        "map": 0.012195121951219513,
        "P_1": 0.0
    },
    "5": {
        "map": 0.0019342359767891683,
        "P_1": 0.0
    },
    "6": {
        "map": 0.0011961722488038277,
        "P_1": 0.0
    },
    "7": {
        "map": 0.0017391304347826088,
        "P_1": 0.0
    },
    "8": {
        "map": 0.0017985611510791368,
        "P_1": 0.0
    },
    "9": {
        "map": 0.0018115942028985507,
        "P_1": 0.0
    }
}