{
    "0": {
        "map": 0.0026109660574412533,
        "P_1": 0.0
    },
    "1": {
        "map": 0.0011507479861910242,
        "P_1": 0.0
    },
    "2": {
        "map": 0.009900990099009901,
        "P_1": 0.0
    },
    "3": {
        "map": 0.01098901098901099,
        "P_1": 0.0
    },
    "4": {
        "map": 0.010869565217391304,
        "P_1": 0.0
    },
    "5": {
        "map": 0.0024752475247524753,
        "P_1": 0.0
    },
    "6": {
        "map": 0.0019267822736030828,
        "P_1": 0.0
    },
    "7": {
        "map": 0.0022727272727272726,
        "P_1": 0.0
    },
    "8": {
        "map": 0.021739130434782608,
        "P_1": 0.0
    },
    "9": {
        "map": 0.0012315270935960591,
        "P_1": 0.0
    }
}