{
    "0": {
        "map": 0.01818181818181818,
        "P_1": 0.0
    },
    "1": {
        "map": 0.0011507479861910242,
        "P_1": 0.0
    },
    "2": {
        "map": 0.013333333333333334,
        "P_1": 0.0
    },
    "3": {
        "map": 0.00392156862745098,
        "P_1": 0.0
    },
    "4": {
        "map": 0.005,
        "P_1": 0.0
    },
    "5": {
        "map": 0.0014367816091954023,
        "P_1": 0.0
    },
    "6": {
        "map": 0.0019193857965451055,
        "P_1": 0.0
    },
    "7": {
        "map": 0.0018281535648994515,
        "P_1": 0.0
    },
    "8": {
        "map": 0.03125,
        "P_1": 0.0
    },
    "9": {
        "map": 0.0012224938875305623,
        "P_1": 0.0
    }
}