{
    "0": {
        "map": 0.0025906735751295338,
        "P_1": 0.0
    },
    "1": {
        "map": 0.0011507479861910242,
        "P_1": 0.0
    },
    "2": {
        "map": 0.009900990099009901,
        "P_1": 0.0
    },
    "3": {
        "map": 0.010309278350515464,
        "P_1": 0.0
    },
    "4": {
        "map": 0.01020408163265306,
        "P_1": 0.0
    },
    "5": {
        "map": 0.001567398119122257,
        "P_1": 0.0
    },
    "6": {
        "map": 0.0019011406844106464,
        "P_1": 0.0
    },
    "7": {
        "map": 0.002257336343115124,
        "P_1": 0.0
    },
    "8": {
        "map": 0.016129032258064516,
        "P_1": 0.0
    },
    "9": {
        "map": 0.0011918951132300357,
        "P_1": 0.0
    }
}