{
    "0": {
        "map": 0.04,
        "P_1": 0.0
    },
    "1": {
        "map": 0.004694835680751174,
        "P_1": 0.0
    },
    "2": {
        "map": 0.008928571428571428,
        "P_1": 0.0
    },
    "3": {
        "map": 0.0058823529411764705,
        "P_1": 0.0
    },
    "4": {
        "map": 0.015384615384615385,
        "P_1": 0.0
    },
    "5": {
        "map": 0.0012658227848101266,
        "P_1": 0.0
    },
    "6": {
        "map": 0.0013568521031207597,
        "P_1": 0.0
    },
    "7": {
        "map": 0.0010822510822510823,
        "P_1": 0.0
    },
    "8": {
        "map": 0.011494252873563218,
        "P_1": 0.0
    },
    "9": {
        "map": 0.0012738853503184713,
        "P_1": 0.0
    }
}