{
    "0": {
        "map": 0.0015552099533437014,
        "P_1": 0.0
    },
    "1": {
        "map": 0.0033112582781456954,
        "P_1": 0.0
    },
    "2": {
        "map": 0.001277139208173691,
        "P_1": 0.0
    },
    "3": {
        "map": 0.003134796238244514,
        "P_1": 0.0
    },
    "4": {
        "map": 0.017857142857142856,
        "P_1": 0.0
    },
    "5": {
        "map": 0.0014104372355430183,
        "P_1": 0.0
    },
    "6": {
        "map": 0.0013831258644536654,
        "P_1": 0.0
    },
    "7": {
        "map": 0.0010845986984815619,
        "P_1": 0.0
    },
    "8": {
        "map": 0.013333333333333334,
        "P_1": 0.0
    },
    "9": {
        "map": 0.0014285714285714286,
        "P_1": 0.0
    }
}