{
    "0": {
        "map": 0.038461538461538464,
        "P_1": 0.0
    },
    "1": {
        "map": 0.004901960784313725,
        "P_1": 0.0
    },
    "2": {
        "map": 0.006711409395973154,
        "P_1": 0.0
    },
    "3": {
        "map": 0.037037037037037035,
        "P_1": 0.0
    },
    "4": {
        "map": 0.125,
        "P_1": 0.0
    },
    "5": {
        "map": 0.001488095238095238,
        "P_1": 0.0
    },
    "6": {
        "map": 0.0013123359580052493,
        "P_1": 0.0
    },
    "7": {
        "map": 0.0011135857461024498,
        "P_1": 0.0
    },
    "8": {
        "map": 0.009523809523809525,
        "P_1": 0.0
    },
    "9": {
        "map": 0.002840909090909091,
        "P_1": 0.0
    }
}