{
    "0": {
        "map": 1.0,
        "P_1": 1.0
    },
    "1": {
        "map": 0.0049504950495049506,
        "P_1": 0.0
    },
    "2": {
        "map": 0.003048780487804878,
        "P_1": 0.0
    },
    "3": {
        "map": 0.03125,
        "P_1": 0.0
    },
    "4": {
        "map": 0.041666666666666664,
        "P_1": 0.0
    },
    "5": {
        "map": 0.0017331022530329288,
        "P_1": 0.0
    },
    "6": {
        "map": 0.0013089005235602095,
        "P_1": 0.0
    },
    "7": {
        "map": 0.0011273957158962795,
        "P_1": 0.0
    },
    "8": {
        "map": 0.010101010101010102,
        "P_1": 0.0
    },
    "9": {
        "map": 0.002932551319648094,
        "P_1": 0.0
    }
}