{
    "0": {
        "map": 0.025,
        "P_1": 0.0
    },
    "1": {
        "map": 0.004545454545454545,
        "P_1": 0.0
    },
    "2": {
        "map": 0.008849557522123894,
        "P_1": 0.0
    },
    "3": {
        "map": 0.015625,
        "P_1": 0.0
    },
    "4": {
        "map": 0.09090909090909091,
        "P_1": 0.0
    },
    "5": {
        "map": 0.0012804097311139564,
        "P_1": 0.0
    },
    "6": {
        "map": 0.001282051282051282,
        "P_1": 0.0
    },
    "7": {
        "map": 0.0010775862068965517,
        "P_1": 0.0
    },
    "8": {
        "map": 0.008064516129032258,
        "P_1": 0.0
    },
    "9": {
        "map": 0.0012330456226880395,
        "P_1": 0.0
    }
}