{
    "0": {
        "map": 0.1111111111111111,
        "P_1": 0.0
    },
    "1": {
        "map": 0.004830917874396135,
        "P_1": 0.0
    },
    "2": {
        "map": 0.003289473684210526,
        "P_1": 0.0
    },
    "3": {
        "map": 0.029411764705882353,
        "P_1": 0.0
    },
    "4": {
        "map": 0.07692307692307693,
        "P_1": 0.0
    },
    "5": {
        "map": 0.0016207455429497568,
        "P_1": 0.0
    },
    "6": {
        "map": 0.0013054830287206266,
        "P_1": 0.0
    },
    "7": {
        "map": 0.0011173184357541898,
        "P_1": 0.0
    },
    "8": {
        "map": 0.01020408163265306,
        "P_1": 0.0
    },
    "9": {
        "map": 0.0028328611898017,
        "P_1": 0.0
    }
}