{
    "0": {
        "map": 0.018518518518518517,
        "P_1": 0.0
    },
    "1": {
        "map": 0.004608294930875576,
        "P_1": 0.0
    },
    "2": {
        "map": 0.008771929824561403,
        "P_1": 0.0
    },
    "3": {
        "map": 0.04,
        "P_1": 0.0
    },
    "4": {
        "map": 0.05555555555555555,
        "P_1": 0.0
    },
    "5": {
        "map": 0.0012738853503184713,
        "P_1": 0.0
    },
    "6": {
        "map": 0.001282051282051282,
        "P_1": 0.0
    },
    "7": {
        "map": 0.001088139281828074,
        "P_1": 0.0
    },
    "8": {
        "map": 0.008333333333333333,
        "P_1": 0.0
    },
    "9": {
        "map": 0.001869158878504673,
        "P_1": 0.0
    }
}