{
    "0": {
        "map": 1.0,
        "P_1": 1.0
    },
    "1": {
        "map": 0.005076142131979695,
        "P_1": 0.0
    },
    "2": {
        "map": 0.0030120481927710845,
        "P_1": 0.0
    },
    "3": {
        "map": 0.03571428571428571,
        "P_1": 0.0
    },
    "4": {
        "map": 0.043478260869565216,
        "P_1": 0.0
    },
    "5": {
        "map": 0.0016420361247947454,
        "P_1": 0.0
    },
    "6": {
        "map": 0.001303780964797914,
        "P_1": 0.0
    },
    "7": {
        "map": 0.0011198208286674132,
        "P_1": 0.0
    },
    "8": {
        "map": 0.009615384615384616,
        "P_1": 0.0
    },
    "9": {
        "map": 0.003067484662576687,
        "P_1": 0.0
    }
}