{
    "0": {
        "map": 0.011111111111111112,
        "P_1": 0.0
    },
    "1": {
        "map": 0.005263157894736842,
        "P_1": 0.0
    },
    "2": {
        "map": 0.007407407407407408,
        "P_1": 0.0
    },
    "3": {
        "map": 0.02702702702702703,
        "P_1": 0.0
    },
    "4": {
        "map": 0.1,
        "P_1": 0.0
    },
    "5": {
        "map": 0.0014577259475218659,
        "P_1": 0.0
    },
    "6": {
        "map": 0.001321003963011889,
        "P_1": 0.0
    },
    "7": {
        "map": 0.0011037527593818985,
        "P_1": 0.0
    },
    "8": {
        "map": 0.010101010101010102,
        "P_1": 0.0
    },
    "9": {
        "map": 0.00303951367781155,
        "P_1": 0.0
    }
}