{
    "0": {
        "map": 0.0136986301369863,
        "P_1": 0.0
    },
    "1": {
        "map": 0.00101010101010101,
        "P_1": 0.0
    },
    "2": {
        "map": 0.008064516129032258,
        "P_1": 0.0
    },
    "3": {
        "map": 0.0026666666666666666,
        "P_1": 0.0
    },
    "4": {
        "map": 0.007633587786259542,
        "P_1": 0.0
    },
    "5": {
        "map": 0.038461538461538464,
        "P_1": 0.0
    },
    "6": {
        "map": 0.001226993865030675,
        "P_1": 0.0
    },
    "7": {
        "map": 0.0010940919037199124,
        "P_1": 0.0
    },
    "8": {
        "map": 0.0036231884057971015,
        "P_1": 0.0
    },
    "9": {
        "map": 0.0011098779134295228,
        "P_1": 0.0
    }
}