{
    "0": {
        "map": 0.002066115702479339,
        "P_1": 0.0
    },
    "1": {
        "map": 0.001277139208173691,
        "P_1": 0.0
    },
    "2": {
        "map": 0.002631578947368421,
        "P_1": 0.0
    },
    "3": {
        "map": 0.0027472527472527475,
        "P_1": 0.0
    },
    "4": {
        "map": 0.001443001443001443,
        "P_1": 0.0
    },
    "5": {
        "map": 0.0019157088122605363,
        "P_1": 0.0
    },
    "6": {
        "map": 0.0017482517482517483,
        "P_1": 0.0
    },
    "7": {
        "map": 0.015151515151515152,
        "P_1": 0.0
    },
    "8": {
        "map": 0.0013297872340425532,
        "P_1": 0.0
    },
    "9": {
        "map": 0.001968503937007874,
        "P_1": 0.0
    }
}