{
    "0": {
        "map": 0.010526315789473684,
        "P_1": 0.0
    },
    "1": {
        "map": 0.004424778761061947,
        "P_1": 0.0
    },
    "2": {
        "map": 0.01,
        "P_1": 0.0
    },
    "3": {
        "map": 0.001890359168241966,
        "P_1": 0.0
    },
    "4": {
        "map": 0.0017699115044247787,
        "P_1": 0.0
    },
    "5": {
        "map": 0.0017301038062283738,
        "P_1": 0.0
    },
    "6": {
        "map": 0.00546448087431694,
        "P_1": 0.0
    },
    "7": {
        "map": 0.008,
        "P_1": 0.0
    },
    "8": {
        "map": 0.0014326647564469914,
        "P_1": 0.0
    },
    "9": {
        "map": 0.0012515644555694619,
        "P_1": 0.0
    }
}