{
    "0": {
        "map": 0.011494252873563218,
        "P_1": 0.0
    },
    "1": {
        "map": 0.002173913043478261,
        "P_1": 0.0
    },
    "2": {
        "map": 0.01,
        "P_1": 0.0
    },
    "3": {
        "map": 0.002109704641350211,
        "P_1": 0.0
    },
    "4": {
        "map": 0.001937984496124031,
        "P_1": 0.0
    },
    "5": {
        "map": 0.001736111111111111,
        "P_1": 0.0
    },
    "6": {
        "map": 0.005649717514124294,
        "P_1": 0.0
    },
    "7": {
        "map": 0.008130081300813009,
        "P_1": 0.0
    },
    "8": {
        "map": 0.001447178002894356,
        "P_1": 0.0
    },
    "9": {
        "map": 0.0012626262626262627,
        "P_1": 0.0
    }
}