{
    "0": {
        "map": 0.0022172949002217295,
        "P_1": 0.0
    },
    "1": {
        "map": 0.0012610340479192938,
        "P_1": 0.0
    },
    "2": {
        "map": 0.002631578947368421,
        "P_1": 0.0
    },
    "3": {
        "map": 0.001519756838905775,
        "P_1": 0.0
    },
    "4": {
        "map": 0.0012804097311139564,
        "P_1": 0.0
    },
    "5": {
        "map": 0.0021141649048625794,
        "P_1": 0.0
    },
    "6": {
        "map": 0.0016181229773462784,
        "P_1": 0.0
    },
    "7": {
        "map": 0.001976284584980237,
        "P_1": 0.0
    },
    "8": {
        "map": 0.001349527665317139,
        "P_1": 0.0
    },
    "9": {
        "map": 0.00196078431372549,
        "P_1": 0.0
    }
}