{
    "0": {
        "map": 0.01020408163265306,
        "P_1": 0.0
    },
    "1": {
        "map": 0.0036101083032490976,
        "P_1": 0.0
    },
    "2": {
        "map": 0.00980392156862745,
        "P_1": 0.0
    },
    "3": {
        "map": 0.0019267822736030828,
        "P_1": 0.0
    },
    "4": {
        "map": 0.0017574692442882249,
        "P_1": 0.0
    },
    "5": {
        "map": 0.011494252873563218,
        "P_1": 0.0
    },
    "6": {
        "map": 0.005434782608695652,
        "P_1": 0.0
    },
    "7": {
        "map": 0.007692307692307693,
        "P_1": 0.0
    },
    "8": {
        "map": 0.0014265335235378032,
        "P_1": 0.0
    },
    "9": {
        "map": 0.0012062726176115801,
        "P_1": 0.0
    }
}