{
    "0": {
        "map": 0.0020408163265306124,
        "P_1": 0.0
    },
    "1": {
        "map": 0.0012970168612191958,
        "P_1": 0.0
    },
    "2": {
        "map": 0.008547008547008548,
        "P_1": 0.0
    },
    "3": {
        "map": 0.00267379679144385,
        "P_1": 0.0
    },
    "4": {
        "map": 0.0014005602240896359,
        "P_1": 0.0
    },
    "5": {
        "map": 0.001869158878504673,
        "P_1": 0.0
    },
    "6": {
        "map": 0.011235955056179775,
        "P_1": 0.0
    },
    "7": {
        "map": 0.011904761904761904,
        "P_1": 0.0
    },
    "8": {
        "map": 0.0013550135501355014,
        "P_1": 0.0
    },
    "9": {
        "map": 0.0017331022530329288,
        "P_1": 0.0
    }
}