{
    "0": {
        "map": 0.004329004329004329,
        "P_1": 0.0
    },
    "1": {
        "map": 0.0012804097311139564,
        "P_1": 0.0
    },
    "2": {
        "map": 0.01,
        "P_1": 0.0
    },
    "3": {
        "map": 0.002242152466367713,
        "P_1": 0.0
    },
    "4": {
        "map": 0.0016863406408094434,
        "P_1": 0.0
    },
    "5": {
        "map": 0.0018587360594795538,
        "P_1": 0.0
    },
    "6": {
        "map": 0.010752688172043012,
        "P_1": 0.0
    },
    "7": {
        "map": 0.009259259259259259,
        "P_1": 0.0
    },
    "8": {
        "map": 0.0015479876160990713,
        "P_1": 0.0
    },
    "9": {
        "map": 0.0014970059880239522,
        "P_1": 0.0
    }
}