{
    "0": {
        "map": 0.004273504273504274,
        "P_1": 0.0
    },
    "1": {
        "map": 0.002197802197802198,
        "P_1": 0.0
    },
    "2": {
        "map": 0.009900990099009901,
        "P_1": 0.0
    },
    "3": {
        "map": 0.0021231422505307855,
        "P_1": 0.0
    },
    "4": {
        "map": 0.0015060240963855422,
        "P_1": 0.0
    },
    "5": {
        "map": 0.0017857142857142857,
        "P_1": 0.0
    },
    "6": {
        "map": 0.006172839506172839,
        "P_1": 0.0
    },
    "7": {
        "map": 0.008064516129032258,
        "P_1": 0.0
    },
    "8": {
        "map": 0.0015128593040847202,
        "P_1": 0.0
    },
    "9": {
        "map": 0.0012903225806451613,
        "P_1": 0.0
    }
}