{
    "0": {
        "map": 0.010752688172043012,
        "P_1": 0.0
    },
    "1": {
        "map": 0.0021141649048625794,
        "P_1": 0.0
    },
    "2": {
        "map": 0.01,
        "P_1": 0.0
    },
    "3": {
        "map": 0.002288329519450801,
        "P_1": 0.0
    },
    "4": {
        "map": 0.0017699115044247787,
        "P_1": 0.0
    },
    "5": {
        "map": 0.0017513134851138354,
        "P_1": 0.0
    },
    "6": {
        "map": 0.0055248618784530384,
        "P_1": 0.0
    },
    "7": {
        "map": 0.008,
        "P_1": 0.0
    },
    "8": {
        "map": 0.0014492753623188406,
        "P_1": 0.0
    },
    "9": {
        "map": 0.0012515644555694619,
        "P_1": 0.0
    }
}