{
    "0": {
        "map": 0.0026246719160104987,
        "P_1": 0.0
    },
    "1": {
        "map": 0.0010080645161290322,
        "P_1": 0.0
    },
    "10": {
        "map": 0.001303780964797914,
        "P_1": 0.0
    },
    "11": {
        "map": 0.0011507479861910242,
        "P_1": 0.0
    },
    "12": {
        "map": 0.0011086474501108647,
        "P_1": 0.0
    },
    "13": {
        "map": 0.020833333333333332,
        "P_1": 0.0
    },
    "14": {
        "map": 0.0017482517482517483,
        "P_1": 0.0
    },
    "15": {
        "map": 0.043478260869565216,
        "P_1": 0.0
    },
    "16": {
        "map": 0.0010395010395010396,
        "P_1": 0.0
    },
    "17": {
        "map": 0.0012300123001230013,
        "P_1": 0.0
    },
    "18": {
        "map": 0.002785515320334262,
        "P_1": 0.0
    },
    "19": {
        "map": 0.0010905125408942203,
        "P_1": 0.0
    },
    "2": {
        "map": 0.0015060240963855422,
        "P_1": 0.0
    },
    "3": {
        "map": 0.002105263157894737,
        "P_1": 0.0
    },
    "4": {
        "map": 0.011363636363636364,
        "P_1": 0.0
    },
    "5": {
        "map": 0.004424778761061947,
        "P_1": 0.0
    },
    "6": {
        "map": 0.007575757575757576,
        "P_1": 0.0
    },
    "7": {
        "map": 0.001049317943336831,
        "P_1": 0.0
    },
    "8": {
        "map": 0.007142857142857143,
        "P_1": 0.0
    },
    "9": {
        "map": 0.0013157894736842105,
        "P_1": 0.0
    }
}