{
    "0": {
        "map": 0.00392156862745098,
        "P_1": 0.0
    },
    "1": {
        "map": 0.0010111223458038423,
        "P_1": 0.0
    },
    "10": {
        "map": 0.0018148820326678765,
        "P_1": 0.0
    },
    "11": {
        "map": 0.0010214504596527069,
        "P_1": 0.0
    },
    "12": {
        "map": 0.0012406947890818859,
        "P_1": 0.0
    },
    "13": {
        "map": 0.019230769230769232,
        "P_1": 0.0
    },
    "14": {
        "map": 0.001095290251916758,
        "P_1": 0.0
    },
    "15": {
        "map": 0.02564102564102564,
        "P_1": 0.0
    },
    "16": {
        "map": 0.0011001100110011,
        "P_1": 0.0
    },
    "17": {
        "map": 0.0010330578512396695,
        "P_1": 0.0
    },
    "18": {
        "map": 0.0014903129657228018,
        "P_1": 0.0
    },
    "19": {
        "map": 0.0010626992561105207,
        "P_1": 0.0
    },
    "2": {
        "map": 0.0017035775127768314,
        "P_1": 0.0
    },
    "3": {
        "map": 0.002232142857142857,
        "P_1": 0.0
    },
    "4": {
        "map": 0.010869565217391304,
        "P_1": 0.0
    },
    "5": {
        "map": 0.01020408163265306,
        "P_1": 0.0
    },
    "6": {
        "map": 0.0010427528675703858,
        "P_1": 0.0
    },
    "7": {
        "map": 0.001049317943336831,
        "P_1": 0.0
    },
    "8": {
        "map": 0.009523809523809525,
        "P_1": 0.0
    },
    "9": {
        "map": 0.0010649627263045794,
        "P_1": 0.0
    }
}