{
    "0": {
        "map": 0.0021645021645021645,
        "P_1": 0.0
    },
    "1": {
        "map": 0.0010070493454179255,
        "P_1": 0.0
    },
    "10": {
        "map": 0.0011261261261261261,
        "P_1": 0.0
    },
    "11": {
        "map": 0.0010905125408942203,
        "P_1": 0.0
    },
    "12": {
        "map": 0.0011235955056179776,
        "P_1": 0.0
    },
    "13": {
        "map": 0.011363636363636364,
        "P_1": 0.0
    },
    "14": {
        "map": 0.0024813895781637717,
        "P_1": 0.0
    },
    "15": {
        "map": 0.012987012987012988,
        "P_1": 0.0
    },
    "16": {
        "map": 0.0010615711252653928,
        "P_1": 0.0
    },
    "17": {
        "map": 0.001081081081081081,
        "P_1": 0.0
    },
    "18": {
        "map": 0.003048780487804878,
        "P_1": 0.0
    },
    "19": {
        "map": 0.001128668171557562,
        "P_1": 0.0
    },
    "2": {
        "map": 0.001610305958132045,
        "P_1": 0.0
    },
    "3": {
        "map": 0.0027100271002710027,
        "P_1": 0.0
    },
    "4": {
        "map": 0.015151515151515152,
        "P_1": 0.0
    },
    "5": {
        "map": 0.008695652173913044,
        "P_1": 0.0
    },
    "6": {
        "map": 0.0024691358024691358,
        "P_1": 0.0
    },
    "7": {
        "map": 0.0010235414534288639,
        "P_1": 0.0
    },
    "8": {
        "map": 0.003367003367003367,
        "P_1": 0.0
    },
    "9": {
        "map": 0.0010438413361169101,
        "P_1": 0.0
    }
}