{
    "0": {
        "map": 0.0022727272727272726,
        "P_1": 0.0
    },
    "1": {
        "map": 0.0010080645161290322,
        "P_1": 0.0
    },
    "10": {
        "map": 0.0011961722488038277,
        "P_1": 0.0
    },
    "11": {
        "map": 0.0011001100110011,
        "P_1": 0.0
    },
    "12": {
        "map": 0.001177856301531213,
        "P_1": 0.0
    },
    "13": {
        "map": 0.007692307692307693,
        "P_1": 0.0
    },
    "14": {
        "map": 0.0016313213703099511,
        "P_1": 0.0
    },
    "15": {
        "map": 0.008771929824561403,
        "P_1": 0.0
    },
    "16": {
        "map": 0.0010582010582010583,
        "P_1": 0.0
    },
    "17": {
        "map": 0.0011148272017837235,
        "P_1": 0.0
    },
    "18": {
        "map": 0.0022988505747126436,
        "P_1": 0.0
    },
    "19": {
        "map": 0.0010706638115631692,
        "P_1": 0.0
    },
    "2": {
        "map": 0.0017331022530329288,
        "P_1": 0.0
    },
    "3": {
        "map": 0.0017094017094017094,
        "P_1": 0.0
    },
    "4": {
        "map": 0.012048192771084338,
        "P_1": 0.0
    },
    "5": {
        "map": 0.005025125628140704,
        "P_1": 0.0
    },
    "6": {
        "map": 0.002890173410404624,
        "P_1": 0.0
    },
    "7": {
        "map": 0.001049317943336831,
        "P_1": 0.0
    },
    "8": {
        "map": 0.005025125628140704,
        "P_1": 0.0
    },
    "9": {
        "map": 0.0011737089201877935,
        "P_1": 0.0
    }
}