{
    "0": {
        "map": 0.00211864406779661,
        "P_1": 0.0
    },
    "1": {
        "map": 0.0010080645161290322,
        "P_1": 0.0
    },
    "10": {
        "map": 0.0011976047904191617,
        "P_1": 0.0
    },
    "11": {
        "map": 0.0011049723756906078,
        "P_1": 0.0
    },
    "12": {
        "map": 0.0012391573729863693,
        "P_1": 0.0
    },
    "13": {
        "map": 0.030303030303030304,
        "P_1": 0.0
    },
    "14": {
        "map": 0.0017035775127768314,
        "P_1": 0.0
    },
    "15": {
        "map": 0.009708737864077669,
        "P_1": 0.0
    },
    "16": {
        "map": 0.0010438413361169101,
        "P_1": 0.0
    },
    "17": {
        "map": 0.0011547344110854503,
        "P_1": 0.0
    },
    "18": {
        "map": 0.0026455026455026454,
        "P_1": 0.0
    },
    "19": {
        "map": 0.001081081081081081,
        "P_1": 0.0
    },
    "2": {
        "map": 0.001841620626151013,
        "P_1": 0.0
    },
    "3": {
        "map": 0.002036659877800407,
        "P_1": 0.0
    },
    "4": {
        "map": 0.008695652173913044,
        "P_1": 0.0
    },
    "5": {
        "map": 0.0038910505836575876,
        "P_1": 0.0
    },
    "6": {
        "map": 0.007042253521126761,
        "P_1": 0.0
    },
    "7": {
        "map": 0.0010482180293501049,
        "P_1": 0.0
    },
    "8": {
        "map": 0.005076142131979695,
        "P_1": 0.0
    },
    "9": {
        "map": 0.0012610340479192938,
        "P_1": 0.0
    }
}