{
    "0": {
        "map": 0.0022123893805309734,
        "P_1": 0.0
    },
    "1": {
        "map": 0.0010080645161290322,
        "P_1": 0.0
    },
    "10": {
        "map": 0.001184834123222749,
        "P_1": 0.0
    },
    "11": {
        "map": 0.001128668171557562,
        "P_1": 0.0
    },
    "12": {
        "map": 0.0011494252873563218,
        "P_1": 0.0
    },
    "13": {
        "map": 0.009708737864077669,
        "P_1": 0.0
    },
    "14": {
        "map": 0.002777777777777778,
        "P_1": 0.0
    },
    "15": {
        "map": 0.008928571428571428,
        "P_1": 0.0
    },
    "16": {
        "map": 0.0010626992561105207,
        "P_1": 0.0
    },
    "17": {
        "map": 0.001098901098901099,
        "P_1": 0.0
    },
    "18": {
        "map": 0.002967359050445104,
        "P_1": 0.0
    },
    "19": {
        "map": 0.001160092807424594,
        "P_1": 0.0
    },
    "2": {
        "map": 0.0017094017094017094,
        "P_1": 0.0
    },
    "3": {
        "map": 0.0019305019305019305,
        "P_1": 0.0
    },
    "4": {
        "map": 0.01020408163265306,
        "P_1": 0.0
    },
    "5": {
        "map": 0.005813953488372093,
        "P_1": 0.0
    },
    "6": {
        "map": 0.002688172043010753,
        "P_1": 0.0
    },
    "7": {
        "map": 0.00102880658436214,
        "P_1": 0.0
    },
    "8": {
        "map": 0.004739336492890996,
        "P_1": 0.0
    },
    "9": {
        "map": 0.001075268817204301,
        "P_1": 0.0
    }
}