{
    "0": {
        "map": 0.0030864197530864196,
        "P_1": 0.0
    },
    "1": {
        "map": 0.001004016064257028,
        "P_1": 0.0
    },
    "10": {
        "map": 0.001455604075691412,
        "P_1": 0.0
    },
    "11": {
        "map": 0.0011587485515643105,
        "P_1": 0.0
    },
    "12": {
        "map": 0.001142857142857143,
        "P_1": 0.0
    },
    "13": {
        "map": 0.02857142857142857,
        "P_1": 0.0
    },
    "14": {
        "map": 0.0010683760683760685,
        "P_1": 0.0
    },
    "15": {
        "map": 0.06666666666666667,
        "P_1": 0.0
    },
    "16": {
        "map": 0.001053740779768177,
        "P_1": 0.0
    },
    "17": {
        "map": 0.0010319917440660474,
        "P_1": 0.0
    },
    "18": {
        "map": 0.001455604075691412,
        "P_1": 0.0
    },
    "19": {
        "map": 0.0010351966873706005,
        "P_1": 0.0
    },
    "2": {
        "map": 0.0015290519877675841,
        "P_1": 0.0
    },
    "3": {
        "map": 0.0016420361247947454,
        "P_1": 0.0
    },
    "4": {
        "map": 0.00980392156862745,
        "P_1": 0.0
    },
    "5": {
        "map": 0.004807692307692308,
        "P_1": 0.0
    },
    "6": {
        "map": 0.0013850415512465374,
        "P_1": 0.0
    },
    "7": {
        "map": 0.0010660980810234541,
        "P_1": 0.0
    },
    "8": {
        "map": 0.009615384615384616,
        "P_1": 0.0
    },
    "9": {
        "map": 0.0011933174224343676,
        "P_1": 0.0
    }
}