{
    "0": {
        "map": 0.0020491803278688526,
        "P_1": 0.0
    },
    "1": {
        "map": 0.001004016064257028,
        "P_1": 0.0
    },
    "10": {
        "map": 0.0011086474501108647,
        "P_1": 0.0
    },
    "11": {
        "map": 0.0014245014245014246,
        "P_1": 0.0
    },
    "12": {
        "map": 0.0011198208286674132,
        "P_1": 0.0
    },
    "13": {
        "map": 0.011363636363636364,
        "P_1": 0.0
    },
    "14": {
        "map": 0.0021141649048625794,
        "P_1": 0.0
    },
    "15": {
        "map": 0.0055248618784530384,
        "P_1": 0.0
    },
    "16": {
        "map": 0.0014084507042253522,
        "P_1": 0.0
    },
    "17": {
        "map": 0.0011918951132300357,
        "P_1": 0.0
    },
    "18": {
        "map": 0.0028169014084507044,
        "P_1": 0.0
    },
    "19": {
        "map": 0.001034126163391934,
        "P_1": 0.0
    },
    "2": {
        "map": 0.0015151515151515152,
        "P_1": 0.0
    },
    "3": {
        "map": 0.004310344827586207,
        "P_1": 0.0
    },
    "4": {
        "map": 0.01694915254237288,
        "P_1": 0.0
    },
    "5": {
        "map": 0.009009009009009009,
        "P_1": 0.0
    },
    "6": {
        "map": 0.0016611295681063123,
        "P_1": 0.0
    },
    "7": {
        "map": 0.0010449320794148381,
        "P_1": 0.0
    },
    "8": {
        "map": 0.003125,
        "P_1": 0.0
    },
    "9": {
        "map": 0.0010471204188481676,
        "P_1": 0.0
    }
}