{
    "0": {
        "map": 0.0013568521031207597,
        "P_1": 0.0
    },
    "1": {
        "map": 0.1,
        "P_1": 0.0
    },
    "2": {
        "map": 0.005208333333333333,
        "P_1": 0.0
    },
    "3": {
        "map": 0.005154639175257732,
        "P_1": 0.0
    },
    "4": {
        "map": 0.16666666666666666,
        "P_1": 0.0
    },
    "5": {
        "map": 0.009009009009009009,
        "P_1": 0.0
    },
    "6": {
        "map": 0.010101010101010102,
        "P_1": 0.0
    },
    "7": {
        "map": 0.002512562814070352,
        "P_1": 0.0
    },
    "8": {
        "map": 0.16666666666666666,
        "P_1": 0.0
    },
    "9": {
        "map": 0.003484320557491289,
        "P_1": 0.0
    }
}