{
    "0": {
        "map": 0.0013513513513513514,
        "P_1": 0.0
    },
    "1": {
        "map": 0.125,
        "P_1": 0.0
    },
    "2": {
        "map": 0.005291005291005291,
        "P_1": 0.0
    },
    "3": {
        "map": 0.006329113924050633,
        "P_1": 0.0
    },
    "4": {
        "map": 0.16666666666666666,
        "P_1": 0.0
    },
    "5": {
        "map": 0.022727272727272728,
        "P_1": 0.0
    },
    "6": {
        "map": 0.010101010101010102,
        "P_1": 0.0
    },
    "7": {
        "map": 0.006172839506172839,
        "P_1": 0.0
    },
    "8": {
        "map": 0.16666666666666666,
        "P_1": 0.0
    },
    "9": {
        "map": 0.003424657534246575,
        "P_1": 0.0
    }
}