{
    "0": {
        "map": 0.0013717421124828531,
        "P_1": 0.0
    },
    "1": {
        "map": 0.07692307692307693,
        "P_1": 0.0
    },
    "2": {
        "map": 0.005263157894736842,
        "P_1": 0.0
    },
    "3": {
        "map": 0.005263157894736842,
        "P_1": 0.0
    },
    "4": {
        "map": 0.2,
        "P_1": 0.0
    },
    "5": {
        "map": 0.0011547344110854503,
        "P_1": 0.0
    },
    "6": {
        "map": 0.006097560975609756,
        "P_1": 0.0
    },
    "7": {
        "map": 0.0026595744680851063,
        "P_1": 0.0
    },
    "8": {
        "map": 0.16666666666666666,
        "P_1": 0.0
    },
    "9": {
        "map": 0.0016638935108153079,
        "P_1": 0.0
    }
}