{
    "0": {
        "map": 0.001358695652173913,
        "P_1": 0.0
    },
    "1": {
        "map": 0.09090909090909091,
        "P_1": 0.0
    },
    "2": {
        "map": 0.0053475935828877,
        "P_1": 0.0
    },
    "3": {
        "map": 0.0051813471502590676,
        "P_1": 0.0
    },
    "4": {
        "map": 0.25,
        "P_1": 0.0
    },
    "5": {
        "map": 0.0026954177897574125,
        "P_1": 0.0
    },
    "6": {
        "map": 0.010101010101010102,
        "P_1": 0.0
    },
    "7": {
        "map": 0.0026109660574412533,
        "P_1": 0.0
    },
    "8": {
        "map": 0.16666666666666666,
        "P_1": 0.0
    },
    "9": {
        "map": 0.0036101083032490976,
        "P_1": 0.0
    }
}