{
    "0": {
        "map": 0.0017064846416382253,
        "P_1": 0.0
    },
    "1": {
        "map": 0.002145922746781116,
        "P_1": 0.0
    },
    "2": {
        "map": 0.0016051364365971107,
        "P_1": 0.0
    },
    "3": {
        "map": 0.0015772870662460567,
        "P_1": 0.0
    },
    "4": {
        "map": 0.00641025641025641,
        "P_1": 0.0
    },
    "5": {
        "map": 0.0013531799729364006,
        "P_1": 0.0
    },
    "6": {
        "map": 0.0015220700152207,
        "P_1": 0.0
    },
    "7": {
        "map": 0.001226993865030675,
        "P_1": 0.0
    },
    "8": {
        "map": 0.0072992700729927005,
        "P_1": 0.0
    },
    "9": {
        "map": 0.0012360939431396785,
        "P_1": 0.0
    }
}