{
    "0": {
        "map": 0.0013351134846461949,
        "P_1": 0.0
    },
    "1": {
        "map": 0.0018587360594795538,
        "P_1": 0.0
    },
    "2": {
        "map": 0.001579778830963665,
        "P_1": 0.0
    },
    "3": {
        "map": 0.005235602094240838,
        "P_1": 0.0
    },
    "4": {
        "map": 0.2,
        "P_1": 0.0
    },
    "5": {
        "map": 0.001160092807424594,
        "P_1": 0.0
    },
    "6": {
        "map": 0.0014326647564469914,
        "P_1": 0.0
    },
    "7": {
        "map": 0.001049317943336831,
        "P_1": 0.0
    },
    "8": {
        "map": 0.1,
        "P_1": 0.0
    },
    "9": {
        "map": 0.0011904761904761906,
        "P_1": 0.0
    }
}