{
    "0": {
        "map": 0.001310615989515072,
        "P_1": 0.0
    },
    "1": {
        "map": 0.06666666666666667,
        "P_1": 0.0
    },
    "2": {
        "map": 0.0015105740181268882,
        "P_1": 0.0
    },
    "3": {
        "map": 0.005235602094240838,
        "P_1": 0.0
    },
    "4": {
        "map": 0.14285714285714285,
        "P_1": 0.0
    },
    "5": {
        "map": 0.0011587485515643105,
        "P_1": 0.0
    },
    "6": {
        "map": 0.0013386880856760374,
        "P_1": 0.0
    },
    "7": {
        "map": 0.0010559662090813093,
        "P_1": 0.0
    },
    "8": {
        "map": 0.14285714285714285,
        "P_1": 0.0
    },
    "9": {
        "map": 0.0011507479861910242,
        "P_1": 0.0
    }
}