{
    "0": {
        "map": 0.0015037593984962407,
        "P_1": 0.0
    },
    "1": {
        "map": 0.001876172607879925,
        "P_1": 0.0
    },
    "2": {
        "map": 0.0015723270440251573,
        "P_1": 0.0
    },
    "3": {
        "map": 0.005154639175257732,
        "P_1": 0.0
    },
    "4": {
        "map": 0.006622516556291391,
        "P_1": 0.0
    },
    "5": {
        "map": 0.001177856301531213,
        "P_1": 0.0
    },
    "6": {
        "map": 0.0016155088852988692,
        "P_1": 0.0
    },
    "7": {
        "map": 0.0010626992561105207,
        "P_1": 0.0
    },
    "8": {
        "map": 0.01694915254237288,
        "P_1": 0.0
    },
    "9": {
        "map": 0.0011947431302270011,
        "P_1": 0.0
    }
}