{
    "u1": {
        "runid": 0.0,
        "num_q": 1.0,
        "num_ret": 5.0,
        "num_rel": 1.0,
        "num_rel_ret": 1.0,
        "map": 0.5,
        "gm_map": -0.6931471805599453,
        "Rprec": 0.0,
        "bpref": 1.0,
        "recip_rank": 0.5,
        "iprec_at_recall_0.00": 0.5,
        "iprec_at_recall_0.10": 0.5,
        "iprec_at_recall_0.20": 0.5,
        "iprec_at_recall_0.30": 0.5,
        "iprec_at_recall_0.40": 0.5,
        "iprec_at_recall_0.50": 0.5,
        "iprec_at_recall_0.60": 0.5,
        "iprec_at_recall_0.70": 0.5,
        "iprec_at_recall_0.80": 0.5,
        "iprec_at_recall_0.90": 0.5,
        "iprec_at_recall_1.00": 0.5,
        "P_5": 0.2,
        "P_10": 0.1,
        "P_15": 0.06666666666666667,
        "P_20": 0.05,
        "P_30": 0.03333333333333333,
        "P_100": 0.01,
        "P_200": 0.005,
        "P_500": 0.002,
        "P_1000": 0.001,
        "relstring": 0.0,
        "recall_5": 1.0,
        "recall_10": 1.0,
        "recall_15": 1.0,
        "recall_20": 1.0,
        "recall_30": 1.0,
        "recall_100": 1.0,
        "recall_200": 1.0,
        "recall_500": 1.0,
        "recall_1000": 1.0,
        "infAP": 0.5,
        "gm_bpref": 0.0,
        "Rprec_mult_0.20": 0.0,
        "Rprec_mult_0.40": 0.0,
        "Rprec_mult_0.60": 0.0,
        "Rprec_mult_0.80": 0.0,
        "Rprec_mult_1.00": 0.0,
        "Rprec_mult_1.20": 0.5,
        "Rprec_mult_1.40": 0.5,
        "Rprec_mult_1.60": 0.5,
        "Rprec_mult_1.80": 0.5,
        "Rprec_mult_2.00": 0.5,
        "utility": -3.0,
        "11pt_avg": 0.5,
        "binG": 0.6309297535714575,
        "G": 0.6309297535714575,
        "ndcg": 0.6309297535714575,
        "ndcg_rel": 0.6309297535714575,
        "Rndcg": 0.31546487678572877,
        "ndcg_cut_5": 0.6309297535714575,
        "ndcg_cut_10": 0.6309297535714575,
        "ndcg_cut_15": 0.6309297535714575,
        "ndcg_cut_20": 0.6309297535714575,
        "ndcg_cut_30": 0.6309297535714575,
        "ndcg_cut_100": 0.6309297535714575,
        "ndcg_cut_200": 0.6309297535714575,
        "ndcg_cut_500": 0.6309297535714575,
        "ndcg_cut_1000": 0.6309297535714575,
        "map_cut_5": 0.5,
        "map_cut_10": 0.5,
        "map_cut_15": 0.5,
        "map_cut_20": 0.5,
        "map_cut_30": 0.5,
        "map_cut_100": 0.5,
        "map_cut_200": 0.5,
        "map_cut_500": 0.5,
        "map_cut_1000": 0.5,
        "relative_P_5": 1.0,
        "relative_P_10": 1.0,
        "relative_P_15": 1.0,
        "relative_P_20": 1.0,
        "relative_P_30": 1.0,
        "relative_P_100": 1.0,
        "relative_P_200": 1.0,
        "relative_P_500": 1.0,
        "relative_P_1000": 1.0,
        "success_1": 0.0,
        "success_5": 1.0,
        "success_10": 1.0,
        "set_P": 0.2,
        "set_relative_P": 1.0,
        "set_recall": 1.0,
        "set_map": 0.2,
        "set_F": 0.33333333333333337,
        "num_nonrel_judged_ret": 0.0
    },
    "u2": {
        "runid": 0.0,
        "num_q": 1.0,
        "num_ret": 5.0,
        "num_rel": 1.0,
        "num_rel_ret": 1.0,
        "map": 0.25,
        "gm_map": -1.3862943611198906,
        "Rprec": 0.0,
        "bpref": 1.0,
        "recip_rank": 0.25,
        "iprec_at_recall_0.00": 0.25,
        "iprec_at_recall_0.10": 0.25,
        "iprec_at_recall_0.20": 0.25,
        "iprec_at_recall_0.30": 0.25,
        "iprec_at_recall_0.40": 0.25,
        "iprec_at_recall_0.50": 0.25,
        "iprec_at_recall_0.60": 0.25,
        "iprec_at_recall_0.70": 0.25,
        "iprec_at_recall_0.80": 0.25,
        "iprec_at_recall_0.90": 0.25,
        "iprec_at_recall_1.00": 0.25,
        "P_5": 0.2,
        "P_10": 0.1,
        "P_15": 0.06666666666666667,
        "P_20": 0.05,
        "P_30": 0.03333333333333333,
        "P_100": 0.01,
        "P_200": 0.005,
        "P_500": 0.002,
        "P_1000": 0.001,
        "relstring": 0.0,
        "recall_5": 1.0,
        "recall_10": 1.0,
        "recall_15": 1.0,
        "recall_20": 1.0,
        "recall_30": 1.0,
        "recall_100": 1.0,
        "recall_200": 1.0,
        "recall_500": 1.0,
        "recall_1000": 1.0,
        "infAP": 0.25,
        "gm_bpref": 0.0,
        "Rprec_mult_0.20": 0.0,
        "Rprec_mult_0.40": 0.0,
        "Rprec_mult_0.60": 0.0,
        "Rprec_mult_0.80": 0.0,
        "Rprec_mult_1.00": 0.0,
        "Rprec_mult_1.20": 0.0,
        "Rprec_mult_1.40": 0.0,
        "Rprec_mult_1.60": 0.0,
        "Rprec_mult_1.80": 0.0,
        "Rprec_mult_2.00": 0.0,
        "utility": -3.0,
        "11pt_avg": 0.25,
        "binG": 0.43067655807339306,
        "G": 0.43067655807339306,
        "ndcg": 0.43067655807339306,
        "ndcg_rel": 0.43067655807339306,
        "Rndcg": 0.21533827903669653,
        "ndcg_cut_5": 0.43067655807339306,
        "ndcg_cut_10": 0.43067655807339306,
        "ndcg_cut_15": 0.43067655807339306,
        "ndcg_cut_20": 0.43067655807339306,
        "ndcg_cut_30": 0.43067655807339306,
        "ndcg_cut_100": 0.43067655807339306,
        "ndcg_cut_200": 0.43067655807339306,
        "ndcg_cut_500": 0.43067655807339306,
        "ndcg_cut_1000": 0.43067655807339306,
        "map_cut_5": 0.25,
        "map_cut_10": 0.25,
        "map_cut_15": 0.25,
        "map_cut_20": 0.25,
        "map_cut_30": 0.25,
        "map_cut_100": 0.25,
        "map_cut_200": 0.25,
        "map_cut_500": 0.25,
        "map_cut_1000": 0.25,
        "relative_P_5": 1.0,
        "relative_P_10": 1.0,
        "relative_P_15": 1.0,
        "relative_P_20": 1.0,
        "relative_P_30": 1.0,
        "relative_P_100": 1.0,
        "relative_P_200": 1.0,
        "relative_P_500": 1.0,
        "relative_P_1000": 1.0,
        "success_1": 0.0,
        "success_5": 1.0,
        "success_10": 1.0,
        "set_P": 0.2,
        "set_relative_P": 1.0,
        "set_recall": 1.0,
        "set_map": 0.2,
        "set_F": 0.33333333333333337,
        "num_nonrel_judged_ret": 0.0
    },
    "u3": {
        "runid": 0.0,
        "num_q": 1.0,
        "num_ret": 5.0,
        "num_rel": 1.0,
        "num_rel_ret": 1.0,
        "map": 0.3333333333333333,
        "gm_map": -1.0986122886681098,
        "Rprec": 0.0,
        "bpref": 1.0,
        "recip_rank": 0.3333333333333333,
        "iprec_at_recall_0.00": 0.3333333333333333,
        "iprec_at_recall_0.10": 0.3333333333333333,
        "iprec_at_recall_0.20": 0.3333333333333333,
        "iprec_at_recall_0.30": 0.3333333333333333,
        "iprec_at_recall_0.40": 0.3333333333333333,
        "iprec_at_recall_0.50": 0.3333333333333333,
        "iprec_at_recall_0.60": 0.3333333333333333,
        "iprec_at_recall_0.70": 0.3333333333333333,
        "iprec_at_recall_0.80": 0.3333333333333333,
        "iprec_at_recall_0.90": 0.3333333333333333,
        "iprec_at_recall_1.00": 0.3333333333333333,
        "P_5": 0.2,
        "P_10": 0.1,
        "P_15": 0.06666666666666667,
        "P_20": 0.05,
        "P_30": 0.03333333333333333,
        "P_100": 0.01,
        "P_200": 0.005,
        "P_500": 0.002,
        "P_1000": 0.001,
        "relstring": 0.0,
        "recall_5": 1.0,
        "recall_10": 1.0,
        "recall_15": 1.0,
        "recall_20": 1.0,
        "recall_30": 1.0,
        "recall_100": 1.0,
        "recall_200": 1.0,
        "recall_500": 1.0,
        "recall_1000": 1.0,
        "infAP": 0.3333333333333333,
        "gm_bpref": 0.0,
        "Rprec_mult_0.20": 0.0,
        "Rprec_mult_0.40": 0.0,
        "Rprec_mult_0.60": 0.0,
        "Rprec_mult_0.80": 0.0,
        "Rprec_mult_1.00": 0.0,
        "Rprec_mult_1.20": 0.0,
        "Rprec_mult_1.40": 0.0,
        "Rprec_mult_1.60": 0.0,
        "Rprec_mult_1.80": 0.0,
        "Rprec_mult_2.00": 0.0,
        "utility": -3.0,
        "11pt_avg": 0.33333333333333337,
        "binG": 0.5,
        "G": 0.5,
        "ndcg": 0.5,
        "ndcg_rel": 0.5,
        "Rndcg": 0.25,
        "ndcg_cut_5": 0.5,
        "ndcg_cut_10": 0.5,
        "ndcg_cut_15": 0.5,
        "ndcg_cut_20": 0.5,
        "ndcg_cut_30": 0.5,