{
    "0": {
        "map": 0.0015105740181268882,
        "P_1": 0.0
    },
    "1": {
        "map": 0.0016556291390728477,
        "P_1": 0.0
    },
    "2": {
        "map": 0.0013089005235602095,
        "P_1": 0.0
    },
    "3": {
        "map": 0.008928571428571428,
        "P_1": 0.0
    },
    "4": {
        "map": 0.25,
        "P_1": 0.0
    },
    "5": {
        "map": 0.0056179775280898875,
        "P_1": 0.0
    },
    "6": {
        "map": 0.0022471910112359553,
        "P_1": 0.0
    },
    "7": {
        "map": 0.00625,
        "P_1": 0.0
    },
    "8": {
        "map": 0.03225806451612903,
        "P_1": 0.0
    },
    "9": {
        "map": 0.002061855670103093,
        "P_1": 0.0
    }
}