{
    "0": {
        "map": 0.0015105740181268882,
        "P_1": 0.0
    },
    "1": {
        "map": 0.001652892561983471,
        "P_1": 0.0
    },
    "2": {
        "map": 0.0013003901170351106,
        "P_1": 0.0
    },
    "3": {
        "map": 0.007874015748031496,
        "P_1": 0.0
    },
    "4": {
        "map": 0.029411764705882353,
        "P_1": 0.0
    },
    "5": {
        "map": 0.005649717514124294,
        "P_1": 0.0
    },
    "6": {
        "map": 0.002631578947368421,
        "P_1": 0.0
    },
    "7": {
        "map": 0.007633587786259542,
        "P_1": 0.0
    },
    "8": {
        "map": 0.03225806451612903,
        "P_1": 0.0
    },
    "9": {
        "map": 0.0020964360587002098,
        "P_1": 0.0
    }
}