{
    "0": {
        "map": 0.0013513513513513514,
        "P_1": 0.0
    },
    "1": {
        "map": 0.002044989775051125,
        "P_1": 0.0
    },
    "2": {
        "map": 0.004273504273504274,
        "P_1": 0.0
    },
    "3": {
        "map": 0.05263157894736842,
        "P_1": 0.0
    },
    "4": {
        "map": 0.16666666666666666,
        "P_1": 0.0
    },
    "5": {
        "map": 0.058823529411764705,
        "P_1": 0.0
    },
    "6": {
        "map": 0.0033783783783783786,
        "P_1": 0.0
    },
    "7": {
        "map": 0.0026595744680851063,
        "P_1": 0.0
    },
    "8": {
        "map": 0.0070921985815602835,
        "P_1": 0.0
    },
    "9": {
        "map": 0.0026246719160104987,
        "P_1": 0.0
    }
}