{
    "0": {
        "map": 0.0014947683109118087,
        "P_1": 0.0
    },
    "1": {
        "map": 0.0016835016835016834,
        "P_1": 0.0
    },
    "2": {
        "map": 0.0015313935681470138,
        "P_1": 0.0
    },
    "3": {
        "map": 0.005681818181818182,
        "P_1": 0.0
    },
    "4": {
        "map": 0.0025,
        "P_1": 0.0
    },
    "5": {
        "map": 0.0012422360248447205,
        "P_1": 0.0
    },
    "6": {
        "map": 0.003215434083601286,
        "P_1": 0.0
    },
    "7": {
        "map": 0.0010893246187363835,
        "P_1": 0.0
    },
    "8": {
        "map": 0.014084507042253521,
        "P_1": 0.0
    },
    "9": {
        "map": 0.0013477088948787063,
        "P_1": 0.0
    }
}