{
    "0": {
        "map": 0.001519756838905775,
        "P_1": 0.0
    },
    "1": {
        "map": 0.001890359168241966,
        "P_1": 0.0
    },
    "2": {
        "map": 0.0013908205841446453,
        "P_1": 0.0
    },
    "3": {
        "map": 0.006134969325153374,
        "P_1": 0.0
    },
    "4": {
        "map": 0.002512562814070352,
        "P_1": 0.0
    },
    "5": {
        "map": 0.0012987012987012987,
        "P_1": 0.0
    },
    "6": {
        "map": 0.0034602076124567475,
        "P_1": 0.0
    },
    "7": {
        "map": 0.0011135857461024498,
        "P_1": 0.0
    },
    "8": {
        "map": 0.02631578947368421,
        "P_1": 0.0
    },
    "9": {
        "map": 0.0017421602787456446,
        "P_1": 0.0
    }
}