{
    "0": {
        "map": 0.0014947683109118087,
        "P_1": 0.0
    },
    "1": {
        "map": 0.001669449081803005,
        "P_1": 0.0
    },
    "2": {
        "map": 0.0012987012987012987,
        "P_1": 0.0
    },
    "3": {
        "map": 0.007936507936507936,
        "P_1": 0.0
    },
    "4": {
        "map": 0.029411764705882353,
        "P_1": 0.0
    },
    "5": {
        "map": 0.005952380952380952,
        "P_1": 0.0
    },
    "6": {
        "map": 0.002849002849002849,
        "P_1": 0.0
    },
    "7": {
        "map": 0.0010526315789473684,
        "P_1": 0.0
    },
    "8": {
        "map": 0.009615384615384616,
        "P_1": 0.0
    },
    "9": {
        "map": 0.0021691973969631237,
        "P_1": 0.0
    }
}