{
    "0": {
        "map": 0.001358695652173913,
        "P_1": 0.0
    },
    "1": {
        "map": 0.0019342359767891683,
        "P_1": 0.0
    },
    "2": {
        "map": 0.004347826086956522,
        "P_1": 0.0
    },
    "3": {
        "map": 0.05263157894736842,
        "P_1": 0.0
    },
    "4": {
        "map": 0.16666666666666666,
        "P_1": 0.0
    },
    "5": {
        "map": 0.0038022813688212928,
        "P_1": 0.0
    },
    "6": {
        "map": 0.004901960784313725,
        "P_1": 0.0
    },
    "7": {
        "map": 0.0028011204481792717,
        "P_1": 0.0
    },
    "8": {
        "map": 0.006756756756756757,
        "P_1": 0.0
    },
    "9": {
        "map": 0.0018796992481203006,
        "P_1": 0.0
    }
}