{
    "0": {
        "map": 0.0014970059880239522,
        "P_1": 0.0
    },
    "1": {
        "map": 0.0016556291390728477,
        "P_1": 0.0
    },
    "2": {
        "map": 0.004807692307692308,
        "P_1": 0.0
    },
    "3": {
        "map": 0.009174311926605505,
        "P_1": 0.0
    },
    "4": {
        "map": 0.25,
        "P_1": 0.0
    },
    "5": {
        "map": 0.005649717514124294,
        "P_1": 0.0
    },
    "6": {
        "map": 0.008064516129032258,
        "P_1": 0.0
    },
    "7": {
        "map": 0.0032679738562091504,
        "P_1": 0.0
    },
    "8": {
        "map": 0.034482758620689655,
        "P_1": 0.0
    },
    "9": {
        "map": 0.002066115702479339,
        "P_1": 0.0
    }
}