{
    "0": {
        "map": 0.0014925373134328358,
        "P_1": 0.0
    },
    "1": {
        "map": 0.0018796992481203006,
        "P_1": 0.0
    },
    "2": {
        "map": 0.004694835680751174,
        "P_1": 0.0
    },
    "3": {
        "map": 0.022222222222222223,
        "P_1": 0.0
    },
    "4": {
        "map": 0.2,
        "P_1": 0.0
    },
    "5": {
        "map": 0.005376344086021506,
        "P_1": 0.0
    },
    "6": {
        "map": 0.0049261083743842365,
        "P_1": 0.0
    },
    "7": {
        "map": 0.0030211480362537764,
        "P_1": 0.0
    },
    "8": {
        "map": 0.006711409395973154,
        "P_1": 0.0
    },
    "9": {
        "map": 0.001869158878504673,
        "P_1": 0.0
    }
}