{
    "0": {
        "map": 0.013888888888888888,
        "P_1": 0.0
    },
    "1": {
        "map": 0.0012062726176115801,
        "P_1": 0.0
    },
    "2": {
        "map": 0.0035842293906810036,
        "P_1": 0.0
    },
    "3": {
        "map": 0.0012547051442910915,
        "P_1": 0.0
    },
    "4": {
        "map": 0.011494252873563218,
        "P_1": 0.0
    },
    "5": {
        "map": 0.0011148272017837235,
        "P_1": 0.0
    },
    "6": {
        "map": 0.001893939393939394,
        "P_1": 0.0
    },
    "7": {
        "map": 0.001594896331738437,
        "P_1": 0.0
    },
    "8": {
        "map": 0.001364256480218281,
        "P_1": 0.0
    },
    "9": {
        "map": 0.0017730496453900709,
        "P_1": 0.0
    }
}