{
    "0": {
        "map": 0.014705882352941176,
        "P_1": 0.0
    },
    "1": {
        "map": 0.0012004801920768306,
        "P_1": 0.0
    },
    "2": {
        "map": 0.0051813471502590676,
        "P_1": 0.0
    },
    "3": {
        "map": 0.0014492753623188406,
        "P_1": 0.0
    },
    "4": {
        "map": 0.010869565217391304,
        "P_1": 0.0
    },
    "5": {
        "map": 0.0031847133757961785,
        "P_1": 0.0
    },
    "6": {
        "map": 0.0019267822736030828,
        "P_1": 0.0
    },
    "7": {
        "map": 0.0022727272727272726,
        "P_1": 0.0
    },
    "8": {
        "map": 0.011111111111111112,
        "P_1": 0.0
    },
    "9": {
        "map": 0.0012315270935960591,
        "P_1": 0.0
    }
}