{
    "0": {
        "map": 0.005714285714285714,
        "P_1": 0.0
    },
    "1": {
        "map": 0.0012033694344163659,
        "P_1": 0.0
    },
    "2": {
        "map": 0.003401360544217687,
        "P_1": 0.0
    },
    "3": {
        "map": 0.0012135922330097086,
        "P_1": 0.0
    },
    "4": {
        "map": 0.010416666666666666,
        "P_1": 0.0
    },
    "5": {
        "map": 0.005952380952380952,
        "P_1": 0.0
    },
    "6": {
        "map": 0.001937984496124031,
        "P_1": 0.0
    },
    "7": {
        "map": 0.0015923566878980893,
        "P_1": 0.0
    },
    "8": {
        "map": 0.003663003663003663,
        "P_1": 0.0
    },
    "9": {
        "map": 0.0015503875968992248,
        "P_1": 0.0
    }
}