{
    "0": {
        "map": 0.004878048780487805,
        "P_1": 0.0
    },
    "1": {
        "map": 0.0011961722488038277,
        "P_1": 0.0
    },
    "2": {
        "map": 0.004975124378109453,
        "P_1": 0.0
    },
    "3": {
        "map": 0.0015105740181268882,
        "P_1": 0.0
    },
    "4": {
        "map": 0.005,
        "P_1": 0.0
    },
    "5": {
        "map": 0.003484320557491289,
        "P_1": 0.0
    },
    "6": {
        "map": 0.0019193857965451055,
        "P_1": 0.0
    },
    "7": {
        "map": 0.0018281535648994515,
        "P_1": 0.0
    },
    "8": {
        "map": 0.0036101083032490976,
        "P_1": 0.0
    },
    "9": {
        "map": 0.0012224938875305623,
        "P_1": 0.0
    }
}