{
    "0": {
        "map": 0.012345679012345678,
        "P_1": 0.0
    },
    "1": {
        "map": 0.0011976047904191617,
        "P_1": 0.0
    },
    "2": {
        "map": 0.004366812227074236,
        "P_1": 0.0
    },
    "3": {
        "map": 0.0014684287812041115,
        "P_1": 0.0
    },
    "4": {
        "map": 0.01020408163265306,
        "P_1": 0.0
    },
    "5": {
        "map": 0.003246753246753247,
        "P_1": 0.0
    },
    "6": {
        "map": 0.0019011406844106464,
        "P_1": 0.0
    },
    "7": {
        "map": 0.002257336343115124,
        "P_1": 0.0
    },
    "8": {
        "map": 0.010869565217391304,
        "P_1": 0.0
    },
    "9": {
        "map": 0.0011918951132300357,
        "P_1": 0.0
    }
}