{
    "0": {
        "map": 0.010869565217391304,
        "P_1": 0.0
    },
    "1": {
        "map": 0.0011933174224343676,
        "P_1": 0.0
    },
    "2": {
        "map": 0.004878048780487805,
        "P_1": 0.0
    },
    "3": {
        "map": 0.0015082956259426848,
        "P_1": 0.0
    },
    "4": {
        "map": 0.008849557522123894,
        "P_1": 0.0
    },
    "5": {
        "map": 0.004329004329004329,
        "P_1": 0.0
    },
    "6": {
        "map": 0.0019011406844106464,
        "P_1": 0.0
    },
    "7": {
        "map": 0.0018484288354898336,
        "P_1": 0.0
    },
    "8": {
        "map": 0.0035971223021582736,
        "P_1": 0.0
    },
    "9": {
        "map": 0.0012315270935960591,
        "P_1": 0.0
    }
}