{
    "0": {
        "map": 0.005780346820809248,
        "P_1": 0.0
    },
    "1": {
        "map": 0.0012004801920768306,
        "P_1": 0.0
    },
    "2": {
        "map": 0.004975124378109453,
        "P_1": 0.0
    },
    "3": {
        "map": 0.0014925373134328358,
        "P_1": 0.0
    },
    "4": {
        "map": 0.018867924528301886,
        "P_1": 0.0
    },
    "5": {
        "map": 0.006578947368421052,
        "P_1": 0.0
    },
    "6": {
        "map": 0.0019267822736030828,
        "P_1": 0.0
    },
    "7": {
        "map": 0.002824858757062147,
        "P_1": 0.0
    },
    "8": {
        "map": 0.0035460992907801418,
        "P_1": 0.0
    },
    "9": {
        "map": 0.0012360939431396785,
        "P_1": 0.0
    }
}