{
    "0": {
        "map": 0.006172839506172839,
        "P_1": 0.0
    },
    "1": {
        "map": 0.0012033694344163659,
        "P_1": 0.0
    },
    "2": {
        "map": 0.005,
        "P_1": 0.0
    },
    "3": {
        "map": 0.0015174506828528073,
        "P_1": 0.0
    },
    "4": {
        "map": 0.0037174721189591076,
        "P_1": 0.0
    },
    "5": {
        "map": 0.005813953488372093,
        "P_1": 0.0
    },
    "6": {
        "map": 0.0019193857965451055,
        "P_1": 0.0
    },
    "7": {
        "map": 0.0018214936247723133,
        "P_1": 0.0
    },
    "8": {
        "map": 0.0035971223021582736,
        "P_1": 0.0
    },
    "9": {
        "map": 0.001256281407035176,
        "P_1": 0.0
    }
}