{
    "0": {
        "map": 0.00205761316872428,
        "P_1": 0.0
    },
    "1": {
        "map": 0.001004016064257028,
        "P_1": 0.0
    },
    "2": {
        "map": 0.0015220700152207,
        "P_1": 0.0
    },
    "3": {
        "map": 0.0053475935828877,
        "P_1": 0.0
    },
    "4": {
        "map": 0.015625,
        "P_1": 0.0
    },
    "5": {
        "map": 0.007246376811594203,
        "P_1": 0.0
    },
    "6": {
        "map": 0.0018484288354898336,
        "P_1": 0.0
    },
    "7": {
        "map": 0.0010235414534288639,
        "P_1": 0.0
    },
    "8": {
        "map": 0.0033222591362126247,
        "P_1": 0.0
    },
    "9": {
        "map": 0.0010438413361169101,
        "P_1": 0.0
    }
}