{
    "0": {
        "map": 0.00392156862745098,
        "P_1": 0.0
    },
    "1": {
        "map": 0.0010111223458038423,
        "P_1": 0.0
    },
    "2": {
        "map": 0.0017035775127768314,
        "P_1": 0.0
    },
    "3": {
        "map": 0.002232142857142857,
        "P_1": 0.0
    },
    "4": {
        "map": 0.010869565217391304,
        "P_1": 0.0
    },
    "5": {
        "map": 0.01020408163265306,
        "P_1": 0.0
    },
    "6": {
        "map": 0.0010427528675703858,
        "P_1": 0.0
    },
    "7": {
        "map": 0.001049317943336831,
        "P_1": 0.0
    },
    "8": {
        "map": 0.009523809523809525,
        "P_1": 0.0
    },
    "9": {
        "map": 0.0010649627263045794,
        "P_1": 0.0
    }
}