{
    "0": {
        "map": 0.0022123893805309734,
        "P_1": 0.0
    },
    "1": {
        "map": 0.0010080645161290322,
        "P_1": 0.0
    },
    "2": {
        "map": 0.0017094017094017094,
        "P_1": 0.0
    },
    "3": {
        "map": 0.0019305019305019305,
        "P_1": 0.0
    },
    "4": {
        "map": 0.01020408163265306,
        "P_1": 0.0
    },
    "5": {
        "map": 0.005813953488372093,
        "P_1": 0.0
    },
    "6": {
        "map": 0.002688172043010753,
        "P_1": 0.0
    },
    "7": {
        "map": 0.00102880658436214,
        "P_1": 0.0
    },
    "8": {
        "map": 0.004739336492890996,
        "P_1": 0.0
    },
    "9": {
        "map": 0.001075268817204301,
        "P_1": 0.0
    }
}