{
    "0": {
        "map": 0.0022727272727272726,
        "P_1": 0.0
    },
    "1": {
        "map": 0.0010080645161290322,
        "P_1": 0.0
    },
    "2": {
        "map": 0.0017331022530329288,
        "P_1": 0.0
    },
    "3": {
        "map": 0.0017094017094017094,
        "P_1": 0.0
    },
    "4": {
        "map": 0.012048192771084338,
        "P_1": 0.0
    },
    "5": {
        "map": 0.005025125628140704,
        "P_1": 0.0
    },
    "6": {
        "map": 0.002890173410404624,
        "P_1": 0.0
    },
    "7": {
        "map": 0.001049317943336831,
        "P_1": 0.0
    },
    "8": {
        "map": 0.005025125628140704,
        "P_1": 0.0
    },
    "9": {
        "map": 0.0011737089201877935,
        "P_1": 0.0
    }
}