{
    "0": {
        "map": 0.0026246719160104987,
        "P_1": 0.0
    },
    "1": {
        "map": 0.0010080645161290322,
        "P_1": 0.0
    },
    "2": {
        "map": 0.0015060240963855422,
        "P_1": 0.0
    },
    "3": {
        "map": 0.002105263157894737,
        "P_1": 0.0
    },
    "4": {
        "map": 0.011363636363636364,
        "P_1": 0.0
    },
    "5": {
        "map": 0.004424778761061947,
        "P_1": 0.0
    },
    "6": {
        "map": 0.007575757575757576,
        "P_1": 0.0
    },
    "7": {
        "map": 0.001049317943336831,
        "P_1": 0.0
    },
    "8": {
        "map": 0.007142857142857143,
        "P_1": 0.0
    },
    "9": {
        "map": 0.0013157894736842105,
        "P_1": 0.0
    }
}