{
    "0": {
        "map": 0.00211864406779661,
        "P_1": 0.0
    },
    "1": {
        "map": 0.0010080645161290322,
        "P_1": 0.0
    },
    "2": {
        "map": 0.001841620626151013,
        "P_1": 0.0
    },
    "3": {
        "map": 0.002036659877800407,
        "P_1": 0.0
    },
    "4": {
        "map": 0.008695652173913044,
        "P_1": 0.0
    },
    "5": {
        "map": 0.0038910505836575876,
        "P_1": 0.0
    },
    "6": {
        "map": 0.007042253521126761,
        "P_1": 0.0
    },
    "7": {
        "map": 0.0010482180293501049,
        "P_1": 0.0
    },
    "8": {
        "map": 0.005076142131979695,
        "P_1": 0.0
    },
    "9": {
        "map": 0.0012610340479192938,
        "P_1": 0.0
    }
}