{
    "0": {
        "map": 0.0030864197530864196,
        "P_1": 0.0
    },
    "1": {
        "map": 0.001004016064257028,
        "P_1": 0.0
    },
    "2": {
        "map": 0.0015290519877675841,
        "P_1": 0.0
    },
    "3": {
        "map": 0.0016420361247947454,
        "P_1": 0.0
    },
    "4": {
        "map": 0.00980392156862745,
        "P_1": 0.0
    },
    "5": {
        "map": 0.004807692307692308,
        "P_1": 0.0
    },
    "6": {
        "map": 0.0013850415512465374,
        "P_1": 0.0
    },
    "7": {
        "map": 0.0010660980810234541,
        "P_1": 0.0
    },
    "8": {
        "map": 0.009615384615384616,
        "P_1": 0.0
    },
    "9": {
        "map": 0.0011933174224343676,
        "P_1": 0.0
    }
}