{
    "0": {
        "map": 0.0020491803278688526,
        "P_1": 0.0
    },
    "1": {
        "map": 0.001004016064257028,
        "P_1": 0.0
    },
    "2": {
        "map": 0.0015151515151515152,
        "P_1": 0.0
    },
    "3": {
        "map": 0.004310344827586207,
        "P_1": 0.0
    },
    "4": {
        "map": 0.01694915254237288,
        "P_1": 0.0
    },
    "5": {
        "map": 0.009009009009009009,
        "P_1": 0.0
    },
    "6": {
        "map": 0.0016611295681063123,
        "P_1": 0.0
    },
    "7": {
        "map": 0.0010449320794148381,
        "P_1": 0.0
    },
    "8": {
        "map": 0.003125,
        "P_1": 0.0
    },
    "9": {
        "map": 0.0010471204188481676,
        "P_1": 0.0
    }
}