{
    "0": {
        "map": 0.0011947431302270011,
        "P_1": 0.0
    },
    "1": {
        "map": 0.07692307692307693,
        "P_1": 0.0
    },
    "2": {
        "map": 0.005376344086021506,
        "P_1": 0.0
    },
    "3": {
        "map": 0.0051813471502590676,
        "P_1": 0.0
    },
    "4": {
        "map": 0.2,
        "P_1": 0.0
    },
    "5": {
        "map": 0.0026954177897574125,
        "P_1": 0.0
    },
    "6": {
        "map": 0.010101010101010102,
        "P_1": 0.0
    },
    "7": {
        "map": 0.0011723329425556857,
        "P_1": 0.0
    },
    "8": {
        "map": 0.16666666666666666,
        "P_1": 0.0
    },
    "9": {
        "map": 0.0026041666666666665,
        "P_1": 0.0
    }
}