{
    "0": {
        "map": 0.001694915254237288,
        "P_1": 0.0
    },
    "1": {
        "map": 0.0016611295681063123,
        "P_1": 0.0
    },
    "2": {
        "map": 0.0015220700152207,
        "P_1": 0.0
    },
    "3": {
        "map": 0.003663003663003663,
        "P_1": 0.0
    },
    "4": {
        "map": 0.0072992700729927005,
        "P_1": 0.0
    },
    "5": {
        "map": 0.001145475372279496,
        "P_1": 0.0
    },
    "6": {
        "map": 0.0015105740181268882,
        "P_1": 0.0
    },
    "7": {
        "map": 0.0010504201680672268,
        "P_1": 0.0
    },
    "8": {
        "map": 0.02040816326530612,
        "P_1": 0.0
    },
    "9": {
        "map": 0.0011682242990654205,
        "P_1": 0.0
    }
}