{
    "0": {
        "map": 0.0014265335235378032,
        "P_1": 0.0
    },
    "1": {
        "map": 0.001692047377326565,
        "P_1": 0.0
    },
    "2": {
        "map": 0.0015105740181268882,
        "P_1": 0.0
    },
    "3": {
        "map": 0.005235602094240838,
        "P_1": 0.0
    },
    "4": {
        "map": 0.004901960784313725,
        "P_1": 0.0
    },
    "5": {
        "map": 0.0011587485515643105,
        "P_1": 0.0
    },
    "6": {
        "map": 0.0013386880856760374,
        "P_1": 0.0
    },
    "7": {
        "map": 0.001053740779768177,
        "P_1": 0.0
    },
    "8": {
        "map": 0.16666666666666666,
        "P_1": 0.0
    },
    "9": {
        "map": 0.0015105740181268882,
        "P_1": 0.0
    }
}