{
    "0": {
        "map": 0.0011918951132300357,
        "P_1": 0.0
    },
    "1": {
        "map": 0.07142857142857142,
        "P_1": 0.0
    },
    "2": {
        "map": 0.005263157894736842,
        "P_1": 0.0
    },
    "3": {
        "map": 0.005154639175257732,
        "P_1": 0.0
    },
    "4": {
        "map": 0.14285714285714285,
        "P_1": 0.0
    },
    "5": {
        "map": 0.009009009009009009,
        "P_1": 0.0
    },
    "6": {
        "map": 0.010101010101010102,
        "P_1": 0.0
    },
    "7": {
        "map": 0.001336898395721925,
        "P_1": 0.0
    },
    "8": {
        "map": 0.16666666666666666,
        "P_1": 0.0
    },
    "9": {
        "map": 0.002583979328165375,
        "P_1": 0.0
    }
}