{
    "0": {
        "map": 0.001658374792703151,
        "P_1": 0.0
    },
    "1": {
        "map": 0.001876172607879925,
        "P_1": 0.0
    },
    "2": {
        "map": 0.0015723270440251573,
        "P_1": 0.0
    },
    "3": {
        "map": 0.005154639175257732,
        "P_1": 0.0
    },
    "4": {
        "map": 0.005813953488372093,
        "P_1": 0.0
    },
    "5": {
        "map": 0.001177856301531213,
        "P_1": 0.0
    },
    "6": {
        "map": 0.0016155088852988692,
        "P_1": 0.0
    },
    "7": {
        "map": 0.0010351966873706005,
        "P_1": 0.0
    },
    "8": {
        "map": 0.008333333333333333,
        "P_1": 0.0
    },
    "9": {
        "map": 0.0018656716417910447,
        "P_1": 0.0
    }
}