{
    "0": {
        "map": 0.001184834123222749,
        "P_1": 0.0
    },
    "1": {
        "map": 0.06666666666666667,
        "P_1": 0.0
    },
    "2": {
        "map": 0.005235602094240838,
        "P_1": 0.0
    },
    "3": {
        "map": 0.006329113924050633,
        "P_1": 0.0
    },
    "4": {
        "map": 0.2,
        "P_1": 0.0
    },
    "5": {
        "map": 0.022727272727272728,
        "P_1": 0.0
    },
    "6": {
        "map": 0.010101010101010102,
        "P_1": 0.0
    },
    "7": {
        "map": 0.0014814814814814814,
        "P_1": 0.0
    },
    "8": {
        "map": 0.14285714285714285,
        "P_1": 0.0
    },
    "9": {
        "map": 0.0025188916876574307,
        "P_1": 0.0
    }
}