{
    "0": {
        "map": 0.0013440860215053765,
        "P_1": 0.0
    },
    "1": {
        "map": 0.017241379310344827,
        "P_1": 0.0
    },
    "2": {
        "map": 0.005291005291005291,
        "P_1": 0.0
    },
    "3": {
        "map": 0.0051813471502590676,
        "P_1": 0.0
    },
    "4": {
        "map": 0.011764705882352941,
        "P_1": 0.0
    },
    "5": {
        "map": 0.0011441647597254005,
        "P_1": 0.0
    },
    "6": {
        "map": 0.006134969325153374,
        "P_1": 0.0
    },
    "7": {
        "map": 0.001466275659824047,
        "P_1": 0.0
    },
    "8": {
        "map": 0.16666666666666666,
        "P_1": 0.0
    },
    "9": {
        "map": 0.001483679525222552,
        "P_1": 0.0
    }
}