{
    "0": {
        "map": 0.001652892561983471,
        "P_1": 0.0
    },
    "1": {
        "map": 0.0018587360594795538,
        "P_1": 0.0
    },
    "2": {
        "map": 0.001579778830963665,
        "P_1": 0.0
    },
    "3": {
        "map": 0.005235602094240838,
        "P_1": 0.0
    },
    "4": {
        "map": 0.0056179775280898875,
        "P_1": 0.0
    },
    "5": {
        "map": 0.001160092807424594,
        "P_1": 0.0
    },
    "6": {
        "map": 0.0014326647564469914,
        "P_1": 0.0
    },
    "7": {
        "map": 0.001040582726326743,
        "P_1": 0.0
    },
    "8": {
        "map": 0.1111111111111111,
        "P_1": 0.0
    },
    "9": {
        "map": 0.0017667844522968198,
        "P_1": 0.0
    }
}