{
    "0": {
        "map": 0.0011961722488038277,
        "P_1": 0.0
    },
    "1": {
        "map": 0.07692307692307693,
        "P_1": 0.0
    },
    "2": {
        "map": 0.005291005291005291,
        "P_1": 0.0
    },
    "3": {
        "map": 0.005263157894736842,
        "P_1": 0.0
    },
    "4": {
        "map": 0.125,
        "P_1": 0.0
    },
    "5": {
        "map": 0.0011547344110854503,
        "P_1": 0.0
    },
    "6": {
        "map": 0.006097560975609756,
        "P_1": 0.0
    },
    "7": {
        "map": 0.0014705882352941176,
        "P_1": 0.0
    },
    "8": {
        "map": 0.16666666666666666,
        "P_1": 0.0
    },
    "9": {
        "map": 0.0014792899408284023,
        "P_1": 0.0
    }
}