{
    "0": {
        "map": 0.002197802197802198,
        "P_1": 0.0
    },
    "1": {
        "map": 0.0013157894736842105,
        "P_1": 0.0
    },
    "2": {
        "map": 0.0014285714285714286,
        "P_1": 0.0
    },
    "3": {
        "map": 0.005434782608695652,
        "P_1": 0.0
    },
    "4": {
        "map": 0.0051813471502590676,
        "P_1": 0.0
    },
    "5": {
        "map": 0.0021598272138228943,
        "P_1": 0.0
    },
    "6": {
        "map": 0.0010235414534288639,
        "P_1": 0.0
    },
    "7": {
        "map": 0.0010649627263045794,
        "P_1": 0.0
    },
    "8": {
        "map": 0.010101010101010102,
        "P_1": 0.0
    },
    "9": {
        "map": 0.0011061946902654867,
        "P_1": 0.0
    }
}